Id,Ridge,Lasso,ElasticNet
1,12.230949727478349,12.233703094138969,12.233938809263021
2,12.143180152166728,12.126263897709174,12.125124019607368
3,12.281508684750015,12.284419475307933,12.282995375664111
4,12.015629797849359,12.045856059567969,12.044681789374252
5,12.575368789704811,12.594838260488238,12.594286966579546
6,11.991733647823,12.021397714218963,12.02415682000947
7,12.553144775573397,12.537784701585215,12.537846719415674
8,12.331530635045379,12.30055507838802,12.305328281050157
9,11.746188363998037,11.764305443338166,11.757660606243615
10,11.694098075763566,11.684587007819946,11.682237902203624
11,11.761241572281977,11.760020018856416,11.761461696272645
12,12.916776057616088,12.89255501287799,12.894027234643229
13,11.78583808290124,11.775409740593648,11.776172235499095
14,12.33031902919068,12.331975989351141,12.332164598177695
15,11.964220302323524,11.950850200912116,11.95168524384022
16,11.806065289045819,11.796793176629974,11.799569642279208
17,11.948515276035494,11.948180190496899,11.948021396631004
18,11.560956528030163,11.585944851480773,11.585466595649944
19,11.936396515160588,11.928114007509478,11.92365194440755
20,11.670773113119141,11.68391255618727,11.684954561335937
21,12.669459970129926,12.651477710186823,12.65496350458498
22,11.699514352588906,11.709716971093945,11.707439501258031
23,12.372880180581626,12.377397289847037,12.376402130613531
24,11.894368706025872,11.890073089165035,11.891227690174043
25,11.906797243879767,11.905566541638386,11.905373499186165
26,12.438533332722537,12.427108224268794,12.42911984572576
27,11.722126203769138,11.713311554000677,11.713180730511576
28,12.540357468206466,12.532319732432265,12.533456202284684
29,12.177554033260089,12.176591682673731,12.177796640885527
30,11.248810620820693,11.219091859908735,11.222468878570226
31,11.3484743940616,11.270340994678955,11.265335464642588
32,11.836827526767072,11.822607086257044,11.824570631843118
33,12.17681977739104,12.177552013950093,12.177139938732267
34,12.044697874124816,12.063078377920728,12.062934614659147
35,12.602406529246922,12.59980739923493,12.599235733125882
36,12.6291862613416,12.609775953304588,12.612533948429828
37,11.918613930241133,11.90759072415068,11.908778949482702
38,11.888462620043983,11.880452942350274,11.880520523259868
39,11.752741760461294,11.756189927953242,11.75760803513291
40,11.262345475537758,11.290041788697762,11.2855564964845
41,11.843222676617366,11.85254862539091,11.85277424539893
42,11.997609877346731,11.995179028016478,11.99537712594192
43,11.916085365285483,11.922487623441441,11.922061209313286
44,11.798547905577749,11.798928005958096,11.798803185765875
45,11.856696003538342,11.858760734717682,11.860659750531068
46,12.617649268022372,12.620229907841164,12.619332916254677
47,12.532542086511178,12.532629227054596,12.531020136892353
48,12.453889735156961,12.457776741224848,12.457141290597601
49,11.434289168801872,11.45472417261147,11.453084060248424
50,11.76110767129251,11.766022536906066,11.765771790203107
51,12.088078157788106,12.087187795246505,12.085873094534481
52,11.722741837653592,11.741202041191048,11.740005029955126
53,11.449865691031466,11.527932825537741,11.523161202561846
54,12.756476290172085,12.760249900565691,12.767737615161199
55,11.743562288033655,11.742177242962903,11.742191959022524
56,11.986794237490527,11.988988272245747,11.987943848202933
57,12.186148628423782,12.184976048804986,12.184045096602393
58,12.18202981685348,12.186256909422653,12.185672901866502
59,13.002015370829765,13.006976164349364,13.010936691520085
60,11.658933269692591,11.649843099381258,11.648783391913415
61,12.10823824304428,12.119242600557484,12.118284229361421
62,11.52765773014527,11.550342765679044,11.549719642599843
63,12.250875450387786,12.245109610007018,12.245780856654722
64,11.868301884186124,11.842878921914243,11.847254259265704
65,12.341974487680451,12.345374894262058,12.345125736133213
66,12.551992132444946,12.5555592335614,12.556266909446924
67,12.349146231042205,12.34640211170186,12.34338464771074
68,12.291602138823606,12.300094951785171,12.298507333847935
69,11.238842141549707,11.241449794888272,11.24099744390046
70,12.271798447229438,12.281466897253368,12.289696075110063
71,12.521901793038847,12.53178777484645,12.529209669493497
72,11.657347139880603,11.66190205882186,11.661712299638381
73,12.164315084457039,12.165025795456863,12.165773154483382
74,11.863097840841116,11.859771245330952,11.859747282284584
75,11.566779241300955,11.556676841847079,11.55751440578339
76,11.467842271485122,11.483808748739623,11.485486513783734
77,11.635768546732422,11.63162139441992,11.631937238674022
78,11.67014795570224,11.669120238972749,11.669914176647158
79,11.719463430005494,11.7184393714137,11.718302145604241
80,11.627965381213288,11.613358367449907,11.614348269942523
81,12.247014839589331,12.232981310320925,12.236273546316603
82,12.00664264812133,12.004022503747422,12.001085633062072
83,12.438840079194266,12.430591051697881,12.43044071445457
84,11.741751513947026,11.760130813820217,11.757619273552368
85,11.983923377368795,11.979660116460499,11.980144159960261
86,12.508008273878097,12.5107237758012,12.513675269301913
87,12.115328877389103,12.121863006768576,12.121505137235344
88,11.98992816950407,11.98611034191494,11.989922610675075
89,10.932916308574772,10.868021679671417,10.85934338531178
90,11.705364636006907,11.700468247501128,11.701374419770072
91,11.520545379803476,11.510465239509097,11.514595079015843
92,11.605114714321378,11.649542103648379,11.648540160475065
93,11.860651565539714,11.845491835942475,11.847155972814408
94,12.026918371451096,11.853507823965336,11.84658541923943
95,12.16899222168427,12.1755453554902,12.175168736190875
96,12.186391669554464,12.189818226281293,12.1887124642992
97,12.305219560735909,12.308397699680478,12.307213561462232
98,11.647964502671229,11.62958781859513,11.631395099155652
99,11.253356072638988,11.257229928702488,11.253901693106831
100,11.612430885742464,11.612916336132722,11.615767956856278
101,12.270802182819024,12.282912301840222,12.279763945433514
102,12.044160240459334,12.043747555749093,12.043512915896605
103,11.619381094691175,11.66704839535583,11.663728850457883
104,12.107952896607955,12.105978887179397,12.106094549186217
105,11.970865118069515,11.964875924001266,11.968755649880523
106,12.433224554625003,12.422691200342047,12.424234887149108
107,11.452173524300594,11.425115109115985,11.427952236828
108,11.390953751078937,11.366310987122757,11.366724595852787
109,11.66505751791531,11.675760138592876,11.68184852179467
110,12.24146394624438,12.272096823050855,12.270685216989675
111,11.858587408299485,11.883652447992173,11.881810973706987
112,12.059177621811834,12.050957076233429,12.053745796929325
113,12.762094581598598,12.771384912229452,12.77175688030615
114,12.334882799884312,12.374043712805193,12.376302173122143
115,12.364834919903661,12.387071455199395,12.390747593452325
116,12.038191459951184,12.02378193809193,12.026486869802778
117,11.72694169708818,11.720299031421828,11.720948708566809
118,11.911383536028126,11.9065991003217,11.906530739423209
119,12.648831407147654,12.654168062798286,12.65432703321878
120,12.110420578824334,12.10919332552737,12.109379922415728
121,11.998290048490814,11.985227325417924,11.989826816465506
122,11.449639506876778,11.464153777496453,11.464519454739017
123,11.890211833329428,11.884982758712251,11.884744688999199
124,11.97501044828048,11.976305375907932,11.97645601516737
125,12.036716353501314,12.05681064350619,12.055113023680114
126,11.471107649907173,11.545621348945197,11.544134676613014
127,11.756566433342801,11.738175506595416,11.739055315904757
128,11.404655392457109,11.376037945169285,11.37809286974776
129,11.850836190532645,11.845022882960475,11.845282968588737
130,11.797169398288977,11.826416403252612,11.814373546952474
131,12.346763048441195,12.339306695430796,12.33871745945317
132,12.322932675989936,12.323527605241846,12.32350510351752
133,11.939319784301553,11.940227544174823,11.94194876197968
134,12.238499714817769,12.24876178681737,12.247447846770607
135,12.080367139195472,12.08056822544689,12.080975481910352
136,12.097949546041807,12.119775825180596,12.115307085986936
137,11.848267620992646,11.831455680240964,11.832419917158063
138,12.178241190189745,12.209817936368465,12.205286862996271
139,12.426825017502507,12.433438030823924,12.432870519781796
140,12.248148448764836,12.244187237872792,12.245364480276029
141,11.50439036306427,11.523628936801105,11.5242685864739
142,12.401014041784729,12.411128356059963,12.410106809635156
143,11.740207789786298,11.754032183801158,11.755093362968184
144,12.2723235674792,12.277278190906992,12.276595948819066
145,11.84199140658519,11.852598416310174,11.852324113567667
146,11.815402672340177,11.810844976637387,11.807795535080222
147,11.635772946007354,11.615728345708154,11.619283304004217
148,12.274936424304645,12.28475559998573,12.284702434379934
149,11.939096566764192,11.944099612938354,11.943416953729082
150,11.620187872257027,11.62600425321218,11.628242607202939
151,11.794041076827279,11.796625113984812,11.797210264942276
152,12.607403496717572,12.605384420428173,12.60747230584927
153,12.129600535893296,12.13229453343748,12.132064397868138
154,12.211560218674503,12.212653524677634,12.217634345219352
155,11.545895621425515,11.551692359878619,11.545904249664048
156,11.276522556325848,11.29873133131242,11.279059515601007
157,11.604432216059612,11.617781468803773,11.616629741364838
158,12.484773885813844,12.496146860471281,12.495281314001874
159,12.375022209438441,12.372413373081244,12.373412801996787
160,12.637945552433866,12.614686996221778,12.615001602119188
161,12.071283360784312,12.052389558701012,12.053429334863894
162,12.914204766647968,12.90535896379643,12.905450107580482
163,12.404109909816771,12.40091871466014,12.402940762560876
164,11.427156058130713,11.40916610433587,11.41463117277603
165,11.909120828269725,11.916630152627473,11.917148046706936
166,11.691664381929867,11.710533111376831,11.704647914487593
167,12.187642332560687,12.172541858293789,12.175191566817794
168,12.771406466233051,12.76530303511693,12.766020780180643
169,12.16481867967257,12.176335426040445,12.173875141199142
170,12.321678023836682,12.328953111384465,12.33232344214096
171,11.68198760999933,11.710154455103828,11.708955014824568
172,12.234208413625485,12.253644426825963,12.253902988774406
173,12.315121169226066,12.334952955580343,12.337672017266936
174,11.909070490977083,11.909777461765728,11.90291719394359
175,12.23832003062914,12.232305116350588,12.23261417260633
176,12.227164294727512,12.24998843402674,12.244696054211218
177,12.317209508861598,12.305629407385055,12.307731376001644
178,12.086352479725358,12.0783740402804,12.078937877607766
179,13.039183865132852,13.061993591613348,13.064584867950458
180,11.612353685771522,11.600251103449656,11.601765918041249
181,11.996540105873216,11.99716223833828,11.997658814834681
182,12.042314943441607,12.054210991763318,12.053845522385327
183,11.666415478583444,11.66469310608008,11.661182888310345
184,12.260131114537042,12.278763926333099,12.277771424554151
185,11.806840704758626,11.800860459986172,11.800008239875952
186,12.708306711023704,12.708352449032402,12.705157251284616
187,12.142592340768449,12.130291916764225,12.13017665499875
188,11.786486293337772,11.79486646041154,11.794775795653184
189,11.912992909900334,11.925586172006794,11.924263527333443
190,12.486390309050373,12.50985188960611,12.510324208722238
191,12.406323528492319,12.421538371567957,12.417068085514808
192,12.221353649916258,12.222813582763697,12.221686001230914
193,12.22789395332589,12.233694526803136,12.23163187365471
194,11.83967832166251,11.834464221644643,11.829267687054404
195,11.679658270182848,11.687459635998845,11.686273827770853
196,11.880199270707235,11.884685572020116,11.881545407439855
197,12.72085464589319,12.685234764509314,12.686027817611976
198,12.547556564142312,12.513225494227617,12.515028192522239
199,11.671533280868461,11.667153313182324,11.669688963879748
200,12.619006458584861,12.622906072852487,12.62330645978209
201,11.782860404835738,11.761391165914938,11.76252215156147
202,11.998472660534409,12.00709720360967,12.005625179262713
203,11.706891346989577,11.70705330569779,11.70293055673877
204,11.823718110686885,11.823474792187966,11.822491196830503
205,11.60678631385254,11.628700777926378,11.627568145844162
206,12.08241650220243,12.08682835853826,12.084297036177091
207,11.797919673872475,11.807281842027908,11.799276534657333
208,11.735282762183274,11.725670561831446,11.724952214852912
209,12.345957052953539,12.385175040819526,12.381930783306988
210,11.949895933043003,11.963018859819986,11.96151894486373
211,11.45354963510772,11.437003294730305,11.437362778350108
212,12.03672383963522,12.034104778828727,12.033117543318827
213,12.415095007287865,12.417120495751616,12.418541089098245
214,11.919015249177203,11.911430642414874,11.91185460150478
215,11.927841479739325,11.954671339182683,11.950670144727551
216,11.803715427475487,11.80092398753098,11.798687374151125
217,12.25170239747223,12.257291824424492,12.257402803179913
218,11.39378308218699,11.377243834856147,11.375519043113894
219,12.414898297161518,12.42715102756833,12.428213789112107
220,12.070288126991267,12.059453067797095,12.060011200055403
221,12.245821147008577,12.258853212877039,12.257146843511661
222,12.25448374854953,12.272112467935115,12.272774874920565
223,12.050561865112401,12.038570087009745,12.038789957809657
224,11.585193950899088,11.600515268972257,11.599661165564564
225,12.930247617597113,12.941864627684549,12.938734486260149
226,11.428304699580636,11.424576519128404,11.424567299519248
227,12.451512892396428,12.458063424368842,12.45950749755336
228,11.500734316008487,11.50387497088217,11.502889042419348
229,11.58734840394539,11.596926673196817,11.59423129791299
230,12.153371857743702,12.145705552985206,12.145740641478778
231,11.812645357031188,11.810331379554421,11.810662208714906
232,12.76392072756897,12.760296101685011,12.761392175230435
233,11.44025601483136,11.444740179588853,11.443826070912271
234,11.719391900984586,11.715127545347668,11.713969237014663
235,12.287488666301579,12.289936267212722,12.28924022143199
236,11.380477825993982,11.365709524957598,11.36617972101388
237,12.156675510478411,12.173027326576205,12.170533143719396
238,12.322311394048754,12.317262880126986,12.318092175994495
239,12.554580697801185,12.553732818284326,12.555122007142275
240,11.647848868516885,11.673787256449106,11.672023148791983
241,12.429507525503297,12.439018480980087,12.43963718608092
242,11.579833066352311,11.58124227153907,11.581430577577349
243,11.402717244188965,11.393507249748758,11.393313772722053
244,11.801928442225325,11.794199988717928,11.794540516225478
245,12.36276882688483,12.372184025950853,12.369878826073222
246,12.278917490343634,12.283384094416352,12.28117529871518
247,11.949803598913935,11.930158951554116,11.933048085751382
248,11.904243753744641,11.896392053541481,11.896528789132882
249,12.190031115394701,12.190992452270958,12.191469170733688
250,12.587454704405324,12.565638699283179,12.567152972660482
251,11.316713646080752,11.339184766508057,11.343738782605275
252,12.516673825506775,12.49972266196553,12.498882067652838
253,12.066465594009502,12.075770521348135,12.075520348807455
254,12.083794842150985,12.036415276037706,12.042174775579534
255,11.846484294651209,11.85015127744645,11.850283572752158
256,12.313640925062959,12.317625163019283,12.316653327541728
257,12.206165618641613,12.216955407290028,12.217870457451644
258,12.361374471996378,12.360090174508445,12.360689147674492
259,12.260011994863962,12.259652703045274,12.259113202491344
260,11.503405973606771,11.536869381384664,11.539675158705965
261,12.058713821080493,12.03981612963562,12.039997134730436
262,12.71926060006469,12.700073847163225,12.698716212423475
263,12.047386493588451,12.041356767003798,12.042225509735214
264,11.735518980795916,11.74349769166107,11.743134394278611
265,11.23803232577672,11.263144086895597,11.260286191839228
266,12.124134862332038,12.126994053183829,12.12580438105592
267,12.16585753421538,12.157060858223673,12.155782254770907
268,12.168021632522077,12.14421754183085,12.143959769698307
269,11.495569210478797,11.52910761755726,11.524973474330471
270,11.939922445449504,11.942085860209072,11.938438775725182
271,12.522181248372796,12.524142932185445,12.52442746689909
272,12.31624153661018,12.309524945699698,12.307684919053823
273,12.6809356720143,12.685578033847912,12.68765101555179
274,11.991498346405788,12.00935514603388,12.003034775725867
275,11.707745945682193,11.692019617308208,11.691435439140536
276,12.042509889810958,12.056102076723972,12.055448308160567
277,12.204070704005687,12.200723261372241,12.198898445412643
278,11.572499919894952,11.554218757841129,11.555590048289993
279,12.879048609600309,12.88272316107386,12.882166048678949
280,12.284142811668964,12.2654557241055,12.267832598693499
281,12.295110265819538,12.311688322318593,12.311215087017464
282,12.20784589117954,12.208740051207252,12.21224089495049
283,12.280476946630225,12.273087991258489,12.277066824894769
284,12.32428236235305,12.31102074147406,12.31119683288646
285,12.172672316360835,12.154507460305044,12.153899108224472
286,12.04235554029334,12.039084742385734,12.041191668808608
287,12.124181765260724,12.134839292765468,12.13316324698921
288,11.43431111310805,11.43379514165021,11.43560158019977
289,11.603683975951629,11.605867514832271,11.606747467828274
290,11.817242581783635,11.836537461924365,11.837831894201056
291,12.441757858221644,12.431599094148291,12.431118093094186
292,11.673826580908862,11.67137013367164,11.673934102336508
293,11.827684440424317,11.827627403099942,11.8264572861489
294,12.427314560586618,12.421059409992093,12.421323792912702
295,12.090199218877583,12.104102696961924,12.103759323483795
296,11.924815231213739,11.926898486825054,11.927081176304569
297,11.761700681090213,11.800560797191519,11.801448671521241
298,12.35831112961022,12.355440976545331,12.356258610047401
299,12.100557511448676,12.094637016910147,12.09097710176697
300,11.966519767404302,11.99890177123079,11.998420439889617
301,11.980963598978308,12.00825727914218,12.00963592395124
302,12.511466038081617,12.511036541946158,12.510504016262063
303,12.317915868359808,12.320273514481546,12.31955363192683
304,11.843860951177682,11.830250313152813,11.831195797811734
305,12.531577710303582,12.536674982466842,12.537052868373648
306,12.595515490582326,12.599182822222454,12.596623079275652
307,12.397455153510027,12.399252411520006,12.399607677750215
308,11.55323104954174,11.608281432230088,11.607796371135791
309,11.600805806110605,11.605751667109462,11.606803929446652
310,12.789130864750595,12.79751327828718,12.795737122326901
311,12.054791715011794,12.059836955236326,12.058472476737869
312,11.807288958270611,11.79056955782845,11.79096589667548
313,11.738170100293049,11.74611023778007,11.745684865842302
314,12.670165837351513,12.674276538642347,12.676143298499735
315,12.02828008678376,12.030573057498518,12.026018367161528
316,12.152284900501291,12.158306202765427,12.156128200113955
317,12.475855320517397,12.476339181166933,12.474064741912382
318,12.448721742285112,12.456838920545334,12.456273447523671
319,12.583844061972933,12.597922620947157,12.599712385222878
320,12.206348150457357,12.208666784731452,12.207552154118861
321,12.730699656796805,12.722544433084616,12.724880627671466
322,12.701050908279727,12.691192075165125,12.693561129948165
323,12.44209290669479,12.452545041163255,12.448318411894913
324,11.767161347882187,11.744191583803786,11.746897763849832
325,12.50125946717568,12.426573113958984,12.432473624072086
326,11.402661433312408,11.438987684785754,11.433430162282356
327,12.559493401979479,12.539858737812935,12.53724709830563
328,11.903149539676981,11.895659869256233,11.89584755503936
329,11.938077968799007,11.934713246881651,11.934357075464096
330,11.362615724190285,11.421369588642444,11.419533746739816
331,11.875840908640795,11.869083731085254,11.867058713691836
332,11.78108497129505,11.769917932469975,11.771050471310424
333,12.59769040878307,12.612454719296974,12.610627278238898
334,12.27656782434264,12.271922580865699,12.27491490537462
335,12.200659322808827,12.19309709212359,12.192652710031778
336,12.45489038886246,12.444771948725505,12.447516148258826
337,12.787749821597318,12.781141354344854,12.785068098352987
338,12.284443335249035,12.297240487037888,12.296746912935932
339,12.295879598624058,12.29139810563591,12.29068055641531
340,11.859428999031909,11.878988536113763,11.877558927993618
341,12.29919680856789,12.307423384321831,12.30746218635786
342,11.228019436732039,11.31225331668232,11.305885597487526
343,11.360973825709777,11.329748508715454,11.330988209501218
344,12.589484524520161,12.585843411237319,12.584773316700895
345,11.408649358967162,11.42936815844369,11.429290721953537
346,11.806317559092252,11.822818947820467,11.82215351703743
347,11.872204176202553,11.872834993499346,11.872834263227533
348,12.13039993874005,12.11962384530027,12.119920677936717
349,12.154294857620782,12.148488844251524,12.152011736624328
350,13.02125363849421,13.005973952427183,13.003790251285736
351,12.629959574191698,12.63581590560558,12.635351879197502
352,12.13080474743443,12.147999060034708,12.145867792522878
353,11.556734004439603,11.573763964418065,11.567301446378348
354,11.57508648881824,11.578229615405515,11.578314600806307
355,11.943985554725218,11.921999705888053,11.924139621145402
356,12.064498849729032,12.05532001649657,12.056031574147609
357,12.049761999410975,12.056640226178205,12.055433519884295
358,11.853835701201223,11.839554982376928,11.83834917143154
359,11.692147749331829,11.660147113909083,11.661412837541262
360,12.582798218526131,12.572739109156723,12.57678255174124
361,11.931416458111249,11.923707902420517,11.924350380089168
362,11.844039743090446,11.844351667007372,11.848106844840471
363,12.08058838358605,12.099587729618602,12.098778499816657
364,11.644584777364983,11.64460715196367,11.642514519849717
365,12.111064731588296,12.116143611915938,12.113038596735501
366,11.694037505021484,11.738028047777298,11.736950150953474
367,12.103093189625366,12.099092849412713,12.097672425450135
368,11.903762463547578,11.914030350372386,11.910924911567033
369,11.859937541581143,11.85834694496001,11.858947496127515
370,12.060884531270762,12.055671839259128,12.05575976222821
371,12.09840823094723,12.101712393766142,12.101428852605979
372,11.68240681452029,11.651755580409942,11.653847517996612
373,11.682492273582577,11.688174675584122,11.688286700878972
374,11.800411139016939,11.802841022530474,11.801734919194832
375,12.2414032663771,12.24543803253049,12.245386567956697
376,10.917556440080084,10.89454006268595,10.888638390794984
377,11.848077897954255,11.844677437984094,11.846731676975834
378,12.557772016993553,12.548403630650435,12.549008041422127
379,12.666759854727077,12.675818348609404,12.67931372091774
380,12.072693107833638,12.067685820497276,12.066967985948876
381,11.898656568451836,11.894674600239012,11.898951189924365
382,12.24253093664424,12.24662978744918,12.247406266745772
383,12.238415899962222,12.246229755395412,12.245053377503396
384,11.349162734758595,11.352095979413253,11.34940520980092
385,12.552042351861688,12.528823110487725,12.53049864610638
386,12.141907370616494,12.12883799038364,12.128177008055234
387,11.241066881904104,11.29485273190415,11.293934663342396
388,11.848903057126748,11.841309927489899,11.841236514708743
389,12.195728987393345,12.193308847251858,12.193990585830086
390,13.030791946667428,13.013219309845542,13.014589569840977
391,11.769828944235606,11.761822440574141,11.761096600076197
392,12.347097771133429,12.339470283408893,12.340063452661884
393,11.489306836010183,11.4663089558626,11.466923348451948
394,11.335281132962326,11.318574693883102,11.321259514838673
395,11.581928207935492,11.579280759227672,11.5804085802426
396,11.782550174592938,11.784564661584437,11.78198154514649
397,11.696972404384057,11.707429432821327,11.708738981291294
398,11.872357433417163,11.85367777982927,11.855539575741602
399,11.28259854957028,11.289642390005513,11.289522866702628
400,12.27179873544907,12.270019250486106,12.271489702228513
401,12.453017904226982,12.466515019341072,12.463245499921502
402,12.18497326062198,12.187251449345482,12.187210918890445
403,11.566645577833235,11.5588592145601,11.559459485777763
404,12.434968532329826,12.4243614030999,12.428037435057501
405,12.0432380032655,12.0357890718099,12.035841007791943
406,11.894469329217486,11.884888284120228,11.887988756083583
407,11.711364594410098,11.701835929675765,11.699864412171388
408,11.974717825763191,12.006721926718106,12.00562550373642
409,12.524949855084325,12.516181574244126,12.519564616731655
410,12.673868601052314,12.680333033716602,12.681173744028685
411,11.489514427089485,11.516464308807679,11.515720228463866
412,11.830065875576734,11.81432565809126,11.81315588758853
413,12.440895130051352,12.435028945805922,12.436488396974319
414,11.506858870942377,11.52234604123799,11.518198561676614
415,12.377818688919637,12.373785620480053,12.374941707585235
416,12.17941198398192,12.185780308569022,12.1835913844321
417,11.967141230161381,11.980715497374312,11.980588757788608
418,12.365739818469109,12.383129963781622,12.38698023786063
419,11.626871814037875,11.610459126708571,11.607034612753298
420,11.854435761302941,11.84954398288141,11.850378590436756
421,12.149949846463919,12.156392027637908,12.153985233686448
422,12.31609475850615,12.321783058571663,12.31937356842673
423,11.586579802014747,11.574399054297022,11.57229952434936
424,12.620344849476414,12.62482344005849,12.625868363264557
425,11.874275299599605,11.864883915506562,11.86634167916457
426,11.83699288774826,11.84875221418187,11.846403819998692
427,12.373725970019784,12.381645350319497,12.382157350057572
428,11.613933003911553,11.602974440046793,11.604225272902902
429,12.215776103192924,12.220465407162923,12.22063055554558
430,12.148824474105714,12.146800910516331,12.147738134949188
431,11.423394450530513,11.432156382049014,11.432778061537293
432,11.579593027587181,11.577780560522836,11.589478391010681
433,11.69970718738337,11.662397502177058,11.662469675925045
434,12.103123812555957,12.09034383997692,12.090032988129291
435,11.362332312573722,11.356803108328325,11.358255116837196
436,12.337270623682693,12.304618671016739,12.307834563046724
437,11.66670539745939,11.654829200765366,11.658263324137321
438,11.687552810588839,11.663869935252976,11.665977813344826
439,11.519955861735072,11.491296066342091,11.493452797194207
440,11.790900301035073,11.813464660678209,11.812156821168662
441,13.105294087501957,13.087825933158177,13.087509608783622
442,11.649777523990377,11.629029978566656,11.62728001932484
443,11.935195614685606,11.919982561036575,11.922782428702183
444,12.186396873259808,12.15735068227982,12.156045121385759
445,12.276729288680876,12.277990810275053,12.27706999029279
446,11.947823458114543,11.973651590933013,11.970917729474216
447,12.290686347932965,12.293181379057437,12.293102439001828
448,12.239553100031324,12.238828360397251,12.238115279968842
449,11.690391719084865,11.735055724862933,11.734852035467496
450,11.62651340895336,11.6256961319672,11.628102947415893
451,11.58596650287313,11.58390400204633,11.582815224781495
452,12.439992930315148,12.456986134949997,12.472060705344276
453,12.262478504850165,12.243698946493467,12.245967480001164
454,12.206058226438229,12.22016574397469,12.220322741112456
455,11.958755717424737,11.967795661127475,11.960516960414262
456,12.042621383591658,12.041304986653383,12.039293917201036
457,11.308235309193996,11.369851792689236,11.360584085273565
458,12.225528285836841,12.229100599646781,12.223243837903238
459,11.943310719421332,11.949448504849785,11.947404410696283
460,11.72416643200952,11.74314864897114,11.74382101344283
461,12.395120184668626,12.4007470612598,12.401799892921503
462,12.072571849052405,12.054406668605138,12.05434864852434
463,11.70875401623745,11.690840081419257,11.693929378769187
464,12.148665588031538,12.11459427875888,12.119820640584486
465,11.659974008314581,11.655003264442955,11.656805147212975
466,12.077245213705885,12.070084140060807,12.069859982399299
467,11.999069226895857,12.055586882213253,12.053100258902377
468,11.989529602584236,11.985507851848418,11.984271313183186
469,12.42720346701629,12.429360335318336,12.430521146371273
470,12.102405564169445,12.11331862959647,12.113484386092338
471,12.353749173562433,12.363003744990163,12.364606180614192
472,12.182740474630688,12.145702455401372,12.143750910305762
473,11.769030114239953,11.774077504208998,11.773796642596109
474,12.734211131657135,12.736889173964983,12.737141367067117
475,12.413570315376958,12.436292840478185,12.43824595913725
476,11.831836989008675,11.818035174691873,11.820529773232211
477,12.262439128888737,12.253650970724001,12.2543108533192
478,12.88546664537913,12.867361093420723,12.867375062368858
479,12.568766597445354,12.567514455613953,12.567126871907421
480,11.759852392721857,11.706970030582712,11.712180656030894
481,12.692749517363891,12.694499285885884,12.692848799985445
482,12.739014103503694,12.732042654848781,12.73097622465661
483,12.06550765002699,12.03783695156905,12.033851059414943
484,11.95417405169925,11.966734312214953,11.964229854882722
485,11.833729384912136,11.832605614907957,11.833987079937087
486,11.903669387542193,11.89266919131906,11.89262402344195
487,11.9122723779515,11.899123277610682,11.899724911195722
488,12.112302557353155,12.113538665380908,12.112661383446843
489,11.84676183874478,11.877664661542196,11.876993901086548
490,11.422572251704446,11.444289925388853,11.443909336567057
491,11.630141316097546,11.646532211128838,11.645178755774634
492,11.902303364014267,11.92625721484349,11.92343230420708
493,12.090926728588675,12.088207551473511,12.088768428619492
494,11.908191919446244,11.909785598564868,11.912383172324741
495,11.453721648128754,11.487123339785889,11.485841115870429
496,11.046433464137051,10.949356128212031,10.942278585641812
497,12.917323085803625,12.928119206134987,12.928565195840394
498,12.040355794304862,12.039938002028874,12.04098105756131
499,11.793761055539823,11.781936911073672,11.782606307525988
500,11.701720961546805,11.69388922348904,11.694972831204971
501,11.62986764186404,11.626495714772474,11.627191121922703
502,12.260148789114224,12.267645439368955,12.26843901600147
503,11.885068192082457,11.88356040278108,11.884223625773549
504,12.610732305438763,12.61869210981738,12.624833721178414
505,11.783021602183945,11.77962044559604,11.78035160043633
506,11.659040502672148,11.678397765569683,11.675026121500032
507,12.34330820359266,12.339678401283129,12.338806726297797
508,12.130436200380737,12.134431016452478,12.135048413951726
509,11.946862302656237,11.995676845284203,11.993183576491939
510,11.845479242425712,11.827875980392342,11.82895755041498
511,11.909141154269507,11.953036108257066,11.941518883423692
512,12.243577747986965,12.236299444318943,12.239047989633816
513,11.605672785949782,11.600497073903686,11.602342750827573
514,11.888891014118657,11.88601193651692,11.884513960015099
515,11.452374252764049,11.427519822944614,11.415589900439434
516,12.917469388007316,12.924628442068832,12.924538064017034
517,12.011782818295554,12.017654810879508,12.017808943617654
518,12.444432671199106,12.460572834120825,12.462334147691312
519,12.208649467564836,12.20634363998745,12.206870150163763
520,12.391597463727757,12.412528087466352,12.412798167920684
521,11.425746407091278,11.42835735412043,11.427071523153336
522,11.956048018233245,11.951791184995345,11.95299538093078
523,12.035665067673879,12.022702178614825,12.02597660138402
525,12.602935202751256,12.599229918416473,12.60158628445986
526,12.159503893815021,12.156727585078125,12.157609976891166
527,11.797709925705743,11.792554381287996,11.792775673193688
528,13.005126551199261,13.007892192426807,13.008391089569427
529,11.34396547444586,11.332990150978642,11.333844206618798
530,12.380621067731761,12.372340079716,12.369941348728215
531,12.14859047807587,12.13824067419501,12.139307990179569
532,11.787087784598594,11.80057744790019,11.797062432341216
533,11.515972093351579,11.493430696020582,11.493762256940638
534,10.628416160087653,10.653448792472357,10.6585469888954
535,12.160484693037946,12.1729752382188,12.169678161365985
536,11.761233006641529,11.773508374867976,11.774241314852603
537,12.215058623366353,12.212996286109728,12.213402220565222
538,11.665029232648926,11.683945991607846,11.68267692399265
539,11.83267652142579,11.828420056163742,11.82899285605432
540,12.345144145811025,12.363106895920401,12.360857209926687
541,12.767828976224713,12.78521779564587,12.782733535303704
542,12.454179986436177,12.47416123737983,12.4748302542415
543,12.178141537477233,12.163040921139997,12.157763905329059
544,11.806888006667165,11.812192495765956,11.809746852479812
545,12.282961859850293,12.303834009007296,12.301378763244974
546,12.38262631215574,12.401225446465894,12.396230812911604
547,12.062762940415771,12.064433036909946,12.065262402685343
548,11.748117124614945,11.744805149277237,11.74507167920282
549,11.710836136583671,11.710456790603969,11.712154783496695
550,12.330889069269368,12.330039083048511,12.331719924148993
551,11.803878711207863,11.805421395050338,11.80606536502462
552,11.610771802626346,11.626862344880095,11.628704552222983
553,12.512015775685807,12.514648878685131,12.515880550848903
554,11.525389625555524,11.534800858398187,11.535459642001978
555,12.494791514130272,12.478974236287188,12.481945109798911
556,11.614667642996192,11.600499545923842,11.604938688276
557,11.85231344859516,11.846977675999634,11.84890628764089
558,11.592192831437352,11.456232152492081,11.441046258136906
559,12.18681300121167,12.189594983678319,12.187342197024819
560,12.121611590738937,12.121991080165662,12.122229078397048
561,12.09887175851919,12.079179482722967,12.07932633657602
562,12.014820226705297,12.02395150404503,12.023295289963814
563,11.731364870029667,11.716310618093889,11.71708959762356
564,12.048350904939657,12.042006937365567,12.039742548047453
565,12.526630389242179,12.527954056325532,12.530609103546535
566,11.763721019058664,11.731155102711124,11.731535959765694
567,12.658690243048149,12.66405893892533,12.66720903044199
568,12.226989101077628,12.225491435602725,12.226936030283712
569,12.535395513829302,12.551328287041441,12.5450903026503
570,11.846928560289705,11.845415904090952,11.847225705117019
571,11.958834090142455,11.964643934436653,11.96409245588487
572,11.679072489218822,11.67476324915722,11.67385983491982
573,12.305739741060508,12.295423725171231,12.29497080921899
574,12.042992877154456,12.032637270121853,12.031990971196269
575,11.761619772894798,11.781851885343062,11.780369747117714
576,11.631050061977017,11.640801128340952,11.643066797736573
577,11.862137096002645,11.849659053519295,11.852020780715053
578,11.98788277787544,11.974386070881524,11.974729331546753
579,11.945039526736457,11.961510555883486,11.962922586131167
580,11.749118465889818,11.745284548478095,11.744703541755086
581,12.122158343631712,12.125430657592291,12.125761287655775
582,12.783118011352531,12.787291218518728,12.787729161083945
583,11.636606499147225,11.641491540591774,11.646000077831673
584,12.487083863021267,12.511201590345177,12.505023181802104
585,11.78914044463993,11.792245887631958,11.79389465445814
586,12.722115186306157,12.732066902719378,12.730810470874006
587,11.750107498016407,11.730538459457945,11.732815534770648
588,11.76220371863485,11.756877307884107,11.75781254427434
589,12.492098329926547,12.506188008569135,12.509316899171319
590,11.452685968920914,11.469418816368485,11.470930059521889
591,12.150825034498217,12.163234966177841,12.163064328439658
592,13.014094484178916,12.983449929154583,12.98678449239064
593,11.862811964675645,11.852647984212975,11.84990654004695
594,11.822214664363406,11.819106197274373,11.819251434532298
595,11.619483178273896,11.626590735278471,11.625984266393948
596,12.700058137440474,12.703546415666215,12.707289200930756
597,11.54748840977257,11.565652380626243,11.56438901938893
598,12.23302044229902,12.224392932010751,12.222523718976646
599,12.314869473843736,12.31105357573507,12.314094775426298
600,11.911759544451709,11.920230256156357,11.917697278020595
601,12.563510875565932,12.552867491351467,12.553163225903328
602,11.76482544843743,11.789998648738559,11.787999596460226
603,12.30514880270742,12.313010791124483,12.312454561410489
604,11.927506919878141,11.920796934593248,11.922620839442619
605,12.316909852590289,12.317766059175119,12.316427584753017
606,12.305459692856763,12.308112203379348,12.306573106088344
607,11.935771735408776,11.944329378767954,11.945719376585638
608,12.192138589899269,12.176110597906172,12.17500603440327
609,12.57532784414864,12.598643025286732,12.595794024374694
610,11.593644248453135,11.62758195821912,11.627230881093672
611,12.720217467866892,12.695644492592534,12.696551537124122
612,11.881421199647432,11.892520809001006,11.889281782271095
613,12.525922228546317,12.517151230776992,12.516283017425701
614,11.772853268907513,11.775004645042593,11.775513390322335
615,11.304224635778438,11.307048087171781,11.306956757517023
616,11.88003233036796,11.870792029681192,11.873462632847048
617,12.152995129302338,12.153040822723801,12.152407743788919
618,11.639565717290644,11.611626544838588,11.61321045013019
619,12.728038540805251,12.733615129449813,12.733122764800564
620,12.661667423098386,12.650070743157322,12.650376043225691
621,11.194155033184646,11.15282090117057,11.159538116078759
622,12.374442371198457,12.37400561092556,12.37337935775861
623,11.751913308908176,11.760189053088721,11.760616146508108
624,12.024653700035653,12.02163947590574,12.02396160935123
625,12.076291444727921,12.06741919292182,12.065996252960767
626,11.856719277124649,11.852619303731693,11.852790716189041
627,11.700263792676887,11.695994197514224,11.695448749576046
628,12.036453081239955,12.042342662869189,12.041754891252767
629,12.170425580918545,12.170475149038339,12.16864193618551
630,11.966839437843383,11.953014849636634,11.969580211825356
631,11.560910922547903,11.566668876507807,11.56340636880393
632,12.294681833016869,12.29983430387646,12.299619575427865
633,12.078485896863056,12.101894698600626,12.100335868030259
634,11.81080711443158,11.794529360280604,11.7948031515619
635,11.809413715940094,11.82022874593077,11.816293956522115
636,12.024133561024772,12.068019373802642,12.064455730898821
637,10.797270093910074,10.85464648191956,10.848107768178448
638,11.512880921069026,11.541966657411084,11.538981242365224
639,11.45588345075474,11.443677928276173,11.444955199241146
640,12.470476224690982,12.472682278489343,12.471624498754798
641,12.546738570990836,12.546710632445597,12.545864418769357
642,12.383001163190244,12.37806296967358,12.378973308378049
643,12.807463860697894,12.78593602088972,12.783828978107051
644,11.887038661529441,11.853712061557676,11.853391186979659
645,12.772451553016673,12.76933629819628,12.769487322865139
646,11.822420504308445,11.817281081879386,11.817586764350791
647,11.478280176950609,11.466018594844085,11.46794302477538
648,11.852296188189356,11.848948498703098,11.846877305318676
649,11.893915353014513,11.882279181281849,11.882508790286016
650,11.262390356684804,11.255958088958135,11.257106043179531
651,12.208179755700135,12.21574321029621,12.215859228070276
652,11.58956212114436,11.59630851366678,11.594103017268015
653,12.180063824175049,12.18131326713108,12.181516310595372
654,11.766743301622736,11.779553599415555,11.782499314786243
655,12.72144989941196,12.719468381683026,12.721535542872417
656,11.400957777925584,11.404614711934395,11.40192715127674
657,11.914354111760423,11.907252572526367,11.90780541956761
658,11.938657348066936,11.944444539635542,11.944248655581225
659,11.716224796253602,11.73223333098268,11.731687076568903
660,12.090969393989269,12.083429162454795,12.083711488515858
661,12.210193434137716,12.218345101274243,12.21779031301813
662,12.874979147825863,12.867983546238422,12.868784355888339
663,11.887857369706808,11.862140360189823,11.861130455299561
664,11.818192620722813,11.82349473394332,11.823552100915018
665,12.836992860095746,12.82501030456761,12.823370586916148
666,12.397972482957451,12.39171705065769,12.389561355180234
667,12.165082231311334,12.189764487916118,12.189063706414421
668,12.243404559604194,12.250552888564936,12.249646675928679
669,12.062733830053777,12.029883454330578,12.029896308310912
670,11.727496079916657,11.739947722965832,11.743400444633904
671,12.114309193018657,12.129008445805896,12.12817232007196
672,11.606503912472384,11.63650678554195,11.630882608821215
673,12.086627701253725,12.077331258002834,12.075891585889641
674,12.498429104431745,12.481897650081745,12.48476975036613
675,11.898711370522848,11.908351353177675,11.906645917754227
676,11.874247403051799,11.860111438206143,11.860872173711007
677,11.447507041070182,11.462486019207093,11.459922498045339
678,11.59061393879565,11.588391215647025,11.587376800246922
679,12.687852458110827,12.699378737495074,12.70267029276911
680,11.715480593786188,11.726815937889677,11.726443221609436
681,11.742001466454392,11.73197069867983,11.73300315865146
682,11.547963270673712,11.576964145219357,11.574616235614936
683,12.031368390089076,12.019323336371679,12.021502691322407
684,12.571534227383221,12.573044603962416,12.571509235981207
685,12.309710904980278,12.295527024726336,12.298782228182528
686,12.247361220151262,12.256281508974359,12.25628607078128
687,12.346103110958078,12.34561344660977,12.347554919704358
688,11.996086862679018,12.002118530925463,12.002278927105712
689,12.457255019146597,12.465848688173203,12.470183135059237
690,12.206223302687583,12.182604678619601,12.185570754219478
691,11.837481634277333,11.84068559760248,11.839776431526364
692,13.349612091740394,13.325407369017535,13.327642834862475
693,12.580343255482548,12.577704068107622,12.577220299185313
694,11.524538186263086,11.515790917862278,11.516319949086103
695,11.74439443455604,11.744776998797889,11.745233447050149
696,12.05593275834079,12.074077492683397,12.07367607045258
697,11.504346573967407,11.48078790361301,11.480575196317488
698,11.769403964781752,11.754684096324839,11.753312013525507
699,11.807772793550978,11.810312124160166,11.809678055927082
700,12.17926804174803,12.177380440420505,12.178069119022751
701,12.587178363922451,12.585482505251033,12.58427948034816
702,11.860570059207314,11.882498647939238,11.88061845175986
703,12.782827638497954,12.797877618254258,12.801025918847564
704,11.778232492106381,11.79110956455046,11.787113795918597
705,12.260872388297745,12.256052866169886,12.25507378796178
706,11.204734860877867,11.239480530167528,11.240189423324393
707,12.62524837521246,12.598676543324649,12.603258808578499
708,12.317095023416671,12.304277683118533,12.307090368605861
709,12.18706651153816,12.194624312976895,12.192948415212332
710,11.537757028963972,11.547770131996142,11.541086693761505
711,11.134968154403337,11.133549547404634,11.136102459937668
712,11.447332859252494,11.312058498695547,11.304784820919435
713,12.197614659597077,12.204093457139018,12.206241634521419
714,11.6517809643337,11.64158416305609,11.651735910473823
715,12.122572105290466,12.138977913678534,12.139402165357277
716,11.877249000225794,11.886637401004686,11.885266231757447
717,12.113214587598794,12.119890547658223,12.117910408847468
718,11.965320363874044,11.965303921289486,11.962348231002466
719,12.598506191306605,12.595515194198205,12.596412601366568
720,11.759559180108857,11.75971113865529,11.758155745578
721,12.420157109181018,12.435492106885407,12.438730965591983
722,11.820606330071419,11.823335861860748,11.82344706581664
723,11.686282969650637,11.668892937245385,11.67138066652766
724,11.809819522532678,11.797346649018383,11.797955344216167
725,12.67632358816192,12.684331987173321,12.678739108728834
726,11.595666553027273,11.6082230263606,11.609193554764609
727,12.478371799007206,12.503026454961027,12.504166055370353
728,12.181742522002217,12.189389436332545,12.188935367123817
729,11.960227650002697,11.952742514701077,11.951096410413317
730,11.440063799857688,11.476597504618653,11.477823286076703
731,12.342524459792637,12.356536002337071,12.358696870843053
732,12.208845006078016,12.186136973184713,12.188034385930992
733,12.387061793617992,12.385147133779808,12.384647836823078
734,11.793807088671757,11.786203658780384,11.788161663132778
735,11.602239775432528,11.611316138373551,11.611204867018419
736,12.041518329553249,12.02742236395695,12.031090782719286
737,11.307277564920104,11.30027003764344,11.300220490285847
738,12.36597039327462,12.361571735472403,12.360470755247727
739,11.827550216358832,11.864584678757357,11.865432871094223
740,12.173302582501593,12.184817238462022,12.184109339969869
741,11.577642472624952,11.600406494947604,11.598699979962962
742,11.834266469531284,11.826464768640955,11.826877352795146
743,12.059207580865246,12.07694908891458,12.074408254964903
744,12.01042917391114,11.992799007665829,11.994195301413615
745,12.302678507454923,12.301082167584115,12.304325161017545
746,12.694615632276097,12.673225537519935,12.672070291886662
747,12.316259680400629,12.328434505296398,12.32679130761573
748,12.18884665984755,12.146614710878168,12.1484816614534
749,12.429663999974418,12.430842258056348,12.433170013907114
750,11.431940991718532,11.432589802654299,11.433624999094114
751,11.33339434024289,11.334356423701808,11.333376740154586
752,11.963703996982627,11.964586733992002,11.963179154571169
753,12.21791192448826,12.221895483608641,12.221739978946228
754,12.50784622476119,12.513642884229224,12.514222680715728
755,11.959790915443849,11.974000427885985,11.973060176899486
756,11.98348933536368,11.973892831675716,11.976974265612544
757,12.292087311837935,12.310659731550874,12.307865115661851
758,11.857346879531677,11.870882873474248,11.866517803299944
759,12.005286239655138,12.007114141200564,12.007884383335787
760,12.571259766125117,12.573790865572624,12.576471040203362
761,11.641239746375758,11.64026578327224,11.64125598938982
762,11.643192391133967,11.649153318340645,11.64671306380226
763,12.199630593668124,12.184286080510372,12.187040397976046
764,12.62835660800455,12.630413442566196,12.631348943455944
765,12.502832802959,12.514103773833234,12.51240335274805
766,12.493928922931168,12.479697757260066,12.477631539411444
767,12.121680363474361,12.140563592864641,12.138630139989509
768,12.085804102635326,12.078273834594926,12.077561055869333
769,12.368212561255413,12.369266953220885,12.36870421104917
770,13.209980110540675,13.19588711919862,13.200828027263887
771,11.765205870690085,11.751664364888189,11.754139539524811
772,11.712001188466767,11.716002029434987,11.716146211373367
773,11.794259750225228,11.800291660801207,11.801037166371827
774,11.605011303173965,11.616420170518557,11.617207464987285
775,12.621784724477013,12.614471452748782,12.616734922123175
776,11.958605735265058,11.953567938093192,11.951811492978532
777,12.37763133623073,12.382669019183668,12.382447253547216
778,11.79655797841686,11.792267646594238,11.792777559226085
779,11.826501240470497,11.84891074846686,11.847903794286111
780,11.846781672939457,11.835642910715912,11.8371364430222
781,11.995550023152449,12.009740939132794,12.006717301925534
782,12.080459522503038,12.083495112041035,12.083676037823913
783,12.173750853310263,12.178370001278331,12.177414415603788
784,12.037290071193086,12.025891266596876,12.025278180856095
785,11.666303805834495,11.674388085194272,11.675169182813086
786,11.983565314945615,11.981390867718325,11.985727877832334
787,11.801878358669223,11.790666958519434,11.791314611478468
788,12.345657801851242,12.350748669087364,12.350713417244005
789,11.566651748579053,11.552401137597323,11.553948347943734
790,12.293904245351179,12.292614921873435,12.294620581499338
791,12.013225246065321,11.992978331149876,11.992259141162837
792,11.956016480552377,11.939830147796073,11.938719046278743
793,12.473128860882648,12.471835715496205,12.475420411200199
794,12.362281404237153,12.34442658285668,12.345067791281208
795,12.201533639178928,12.207976955649357,12.209477699132512
796,11.982063265805566,11.989105180493702,11.988949183810897
797,11.844992390845672,11.859550590651239,11.85948115885531
798,11.430633071787364,11.41974120122239,11.420630922566353
799,13.03703079865418,13.005609424895509,13.00817475325723
800,11.97811254530767,11.965269708247899,11.965587539141136
801,12.144304903652394,12.128761373600843,12.132637855616432
802,11.726321083493485,11.739821511146067,11.74360808880464
803,12.207070810575283,12.199868179085273,12.198050028330886
804,13.011731448508481,12.993933774031712,12.996345480968312
805,11.537892948455315,11.534672683878021,11.529305527767304
806,12.296921548839501,12.284369397321246,12.28311131903065
807,11.769165913789848,11.739950756197043,11.741702783346135
808,12.192926216482377,12.162671548136608,12.165568869820914
809,11.842658383808855,11.826927121237457,11.828644912041932
810,11.836977023776429,11.793185141260723,11.792364674717927
811,12.221042034502753,12.221863117465247,12.223199964070643
812,11.894149084617046,11.873760609845439,11.876920417780012
813,11.414306173268333,11.358660629714555,11.35635826550831
814,11.940424707254149,11.939932193374101,11.939800166799001
815,11.691515775315933,11.656932310943136,11.661269511298597
816,12.237108375482405,12.234113164333507,12.234374001589076
817,11.819464176650209,11.831118775754824,11.831900111784282
818,12.526214501575012,12.53535694254772,12.533437681736267
819,11.918112711181388,11.904143321317756,11.906351276932437
820,12.31012830709152,12.305762721816201,12.309279454527656
821,12.108870562783128,12.115213248734866,12.115133087039666
822,11.38929357932826,11.432236582508848,11.430760281066755
823,12.180825358740355,12.205695202269803,12.202592802564114
824,11.896420786869204,11.882748311078416,11.884338443725857
825,12.37363236174521,12.375360252993008,12.375088361269928
826,12.943325865185361,12.961943402667151,12.960296364191974
827,11.593513162270128,11.555105595536032,11.558694970882677
828,12.197048941957314,12.201440813578882,12.199228019298937
829,12.242955364654486,12.198728460877122,12.204661245135492
830,11.915819020947506,11.922767335726276,11.922636754723346
831,12.051096752344924,12.05677265091566,12.055757852268481
832,11.908492915759641,11.9060268696018,11.906362187045163
833,12.365437870583468,12.370242068934619,12.37028803269356
834,12.026086934092886,12.033487460427555,12.032614063150996
835,11.821443278775783,11.82529704322923,11.826121816029074
836,11.81630430637102,11.792749948266907,11.79284025281442
837,11.93438245633692,11.947670882217068,11.944646135551992
838,11.494223841135067,11.50013666078978,11.498620713928009
839,11.916763611303649,11.91185531755277,11.912520433287455
840,11.768843943427214,11.771228587145506,11.77060382754052
841,11.893611112400226,11.885794212087157,11.888013306731056
842,11.937671714461608,11.914660061752194,11.916551820163667
843,11.929577254211821,11.915688791515924,11.915454711455528
844,11.695297270236413,11.709992158215627,11.704752268832838
845,11.818669172078222,11.825764422692252,11.821698670673028
846,12.138862052729092,12.1436503273131,12.138216226960981
847,12.271314358304743,12.270355924338466,12.270223757803526
848,11.765505902557296,11.76096726183064,11.762322279204028
849,12.343693899729479,12.30221159355923,12.305450350283673
850,12.066270493695553,12.069425366683452,12.068013252974966
851,11.821157633473685,11.822420213901504,11.822522084800292
852,12.136645126247476,12.120655780941036,12.120687853634566
853,12.074871540628243,12.06857797600641,12.070541516651828
854,12.06956375964752,12.061053917833977,12.062793588624384
855,12.033149283402789,12.043583008926184,12.041454352954133
856,11.899001713279214,11.888184193147936,11.889982506153942
857,11.864090961448678,11.89287507811828,11.889802399094272
858,11.916033306213237,11.929255944220731,11.927301537174454
859,11.939062107249642,11.958081759888495,11.955862486031076
860,12.343438608664368,12.343572723570466,12.342313813620647
861,12.006606902906231,12.015368221243735,12.014998023443395
862,11.757127315481764,11.771391294624792,11.772138524764259
863,11.87499631802554,11.87971602737604,11.879129539244179
864,11.859600169468553,11.865169079657585,11.865416219733936
865,12.223501476370842,12.216813362662766,12.21829728655089
866,11.827721102339996,11.82737829475305,11.828223059204575
867,12.45621749786298,12.451572662396954,12.449367532791323
868,11.750814372089577,11.73629151011768,11.738618539089972
869,12.035840760247368,12.053239738903857,12.056560364389263
870,12.35964041456489,12.360067390751466,12.36019602468115
871,11.473896151560494,11.450050212793386,11.450869379496108
872,12.10156225170842,12.106317222277568,12.106683895189501
873,11.626386575268432,11.625916539361727,11.633889330064601
874,11.760704738330777,11.804694542643233,11.802847801982535
875,11.410937796771712,11.425358710320184,11.423289261494253
876,12.693911805760903,12.69390379924089,12.693547308724215
877,11.816730005644738,11.802531242708405,11.801959340759728
878,12.770695183348753,12.75129002696535,12.752944574905321
879,11.926088385907748,11.914765716174527,11.914655765660674
880,11.847022543639211,11.837433496580562,11.839012829399463
881,11.939258444243354,11.92658812852204,11.925051029098409
882,12.295474145057206,12.300074358092955,12.299867303723433
883,12.038160588959952,12.029416632521402,12.030460236089834
884,11.772844840680731,11.728287040009006,11.733651874585997
885,11.568887428060904,11.570363056966185,11.570062560041029
886,12.446270637471248,12.426546995312247,12.4283617507356
887,11.977540179482494,11.980682887068705,11.978818311763956
888,11.899809308664901,11.89924476654229,11.898714029444706
889,12.522876382778556,12.566825718143841,12.553616872165184
890,12.001464510732546,11.99394476598906,11.99633366502108
891,11.622820355990758,11.616519901058746,11.616689664503633
892,12.027837221970856,12.036345168741848,12.036913144049839
893,11.91856709940647,11.91682326470312,11.916301983120885
894,11.91047669376015,11.88305619844265,11.880738383959166
895,11.623999175097193,11.672723938231563,11.669967391251697
896,11.985999793577228,11.988016543677745,11.988329177127456
897,11.415853326413973,11.430526594081224,11.43009808422235
898,11.800511064204233,11.81280823868944,11.811858064518647
899,13.012552177283572,13.005372158541133,13.006758214274884
900,11.796313201967173,11.800790041369437,11.799559840636412
901,11.589115172542623,11.593032629503371,11.59305543103798
902,11.917956389281398,11.925774493739185,11.92522254642239
903,12.11118298009393,12.1110428187513,12.109837402667907
904,12.45618902378767,12.453032550826073,12.453951953876317
905,11.620475722982423,11.613852697019095,11.613259439612557
906,11.674694574499963,11.6822174808603,11.68356317094172
907,12.529023766520401,12.502189272068177,12.502685310002024
908,12.333148895193782,12.364021738704377,12.364637528743824
909,11.738017209334009,11.74451260421657,11.745040282908722
910,12.094077231519885,12.093145052949238,12.093625660778727
911,11.969139138371265,11.977979417819784,11.979040958309
912,11.962130518135902,11.968690074059703,11.968283088434703
913,11.51551748089372,11.50948502793035,11.508733338041164
914,11.992765933573567,12.014687145497811,12.012883909330732
915,12.00130101897654,12.004248577895414,12.007551569996684
916,11.359329313267386,11.398631098800031,11.39874480191607
917,10.870764556232833,10.749741508097424,10.743085029091363
918,11.759077746089272,11.761521797102578,11.7617178942966
919,12.450101389434563,12.451468953435116,12.451050337412305
920,12.243022432087074,12.23161444489309,12.229748793848065
921,12.142091079153854,12.14486129167667,12.14392311976426
922,11.992741784432727,11.964000276112738,11.965190649683338
923,12.143380237220807,12.138669065870412,12.13769921033221
924,12.171278843590983,12.183303913534804,12.18162622929454
925,12.251386408781121,12.26485829064475,12.261370309831419
926,11.965602356036245,11.9512392571231,11.949726094727803
927,12.61082646430938,12.59393091965852,12.596492901487531
928,12.092574643970789,12.099247146813678,12.098345078781092
929,12.435226994866586,12.439464846359305,12.438647990354248
930,12.29502048481729,12.304400438844974,12.302011015269127
931,12.309557246260809,12.304187276671891,12.304511371211065
932,11.703521092832123,11.70722011443968,11.706736523995877
933,12.633265876992112,12.610788316867238,12.609201076601583
934,12.214207860339249,12.2297139820056,12.227050150668655
935,12.378444133655416,12.384811407589602,12.375610642438307
936,11.519047643525443,11.49780832480379,11.500414879595782
937,12.146660778575663,12.149243525831594,12.148985083176468
938,12.360848761906693,12.344423564694882,12.344406484185198
939,12.433892262589497,12.435182650334182,12.434984825245463
940,12.313232920704353,12.29525606297978,12.295030666020176
941,12.017332964541861,12.036728931718638,12.032240926552172
942,12.309632730509009,12.304380543721265,12.30286516310801
943,11.685289435265387,11.687431003113732,11.68750297156665
944,11.874318994348036,11.880078600177528,11.878223670983964
945,11.973349748334813,11.96647620661028,11.972621479077858
946,11.919973132470203,11.899156586964423,11.901968719201712
947,11.893509748912585,11.868681952542593,11.870358999419384
948,12.500445014506774,12.501248100659845,12.501377104368887
949,12.253856978852482,12.260305868877266,12.259372878265074
950,12.098222132455444,12.105769883440546,12.10270441735519
951,11.85396480454608,11.830187381138684,11.830801723583882
952,11.622705941496124,11.63476869463725,11.634453049367991
953,11.766869631569437,11.748540302245061,11.74829741478299
954,11.97233285476582,11.977640863887348,11.977643380324622
955,11.664232155313519,11.60448115819943,11.616282716880159
956,12.036033922180126,12.038397558395628,12.038209201960967
957,11.709929274487715,11.700905228576211,11.700202188337755
958,11.723274990701794,11.725439067193681,11.726985700969701
959,12.178534900557803,12.18722834432074,12.18686434032225
960,12.043511258886786,12.060408219334963,12.059706882510367
961,11.67571652147116,11.699088669330191,11.700547919459881
962,12.459499800949487,12.444551551259869,12.4437729922409
963,11.979318058314217,11.956587976350551,11.957616439231392
964,12.528243255990485,12.53434640679702,12.531918257161104
965,12.307582826821339,12.308970064516517,12.30918750950626
966,12.071924099913877,12.061496762918086,12.062374568520122
967,11.940490625353773,11.924841695195491,11.927047019059549
968,11.7857003803061,11.77759809928189,11.777890155963226
969,11.146351223899524,11.155318441075284,11.157467604189732
970,11.715802873732105,11.73757151647082,11.737632526523077
971,11.324865230845784,11.359303111274578,11.357412203592725
972,12.101468950185806,12.103360285368991,12.10677053624987
973,11.674889942460885,11.672260806145118,11.672420669216997
974,12.24629883240842,12.245835063978408,12.247110790350305
975,12.060587963603489,12.082961906823343,12.080790182343742
976,12.104887796868377,12.115059162364899,12.114767461633404
977,11.475157284071862,11.459849016048377,11.463266107898448
978,12.19383945999793,12.196709738389698,12.197676866188294
979,11.507308863325758,11.506670490557449,11.506807075984698
980,11.811780222111837,11.817653635912231,11.818778490792068
981,12.295183023783569,12.284873599208652,12.28301366534601
982,12.641118325016414,12.644385649568035,12.646930502403073
983,12.030427483203352,12.025875683946623,12.025351610398456
984,12.399220608003715,12.404843549771336,12.401504452537457
985,11.746292159901616,11.759638144425699,11.755093383604153
986,11.733478240389577,11.735879868063746,11.73974036598823
987,11.767657107044853,11.777365312209586,11.77705328339764
988,12.863516333796003,12.861176386526521,12.860862966999143
989,12.116640782665321,12.127411030060724,12.125851720348324
990,12.182300995921253,12.19628553816244,12.196832694680497
991,12.605459602834577,12.611664430039179,12.613098098450122
992,12.089970655499245,12.07877575752747,12.074642254332545
993,12.241975271087277,12.238947711497909,12.238331542703303
994,12.079410963008348,12.084942396850595,12.084644942344056
995,12.789010244621078,12.81171309077421,12.80825034181637
996,11.65174175981143,11.648007297376475,11.649211328472829
997,11.769283064023664,11.767066540559208,11.7663069713641
998,11.951066359717,11.979928802635754,11.979925338672606
999,11.293163533439557,11.331356394995767,11.33042905941864
1000,12.163303520720808,12.17261480246323,12.172625872182179
1001,11.142940291430818,11.199344479491089,11.189381598568234
1002,11.366331426788502,11.356403813534161,11.356478014307166
1003,12.399931855742365,12.373186441036713,12.372604459508352
1004,11.942591638382869,11.950480715495232,11.949502664594403
1005,12.149878370492313,12.136248531623462,12.135878306600464
1006,11.863148822172416,11.859601216867903,11.859778628175345
1007,12.048133638361906,12.043830857662794,12.045140739594224
1008,11.40454387224544,11.40469933754438,11.405420037293961
1009,12.402155079657337,12.39747711296217,12.39641756887196
1010,11.527800085673666,11.532610068946946,11.532123177589652
1011,11.750017157644917,11.727402875209572,11.73020193015945
1012,11.576836485702145,11.581862274345127,11.578353922001297
1013,12.033627318860646,12.032168632385627,12.034084147714138
1014,11.418950617375168,11.388275081791129,11.387276757203638
1015,11.65443985626082,11.649669946371434,11.647949729548367
1016,12.265503959369532,12.277231234094279,12.274833932179297
1017,12.298768919444335,12.295151807397959,12.295259955013488
1018,12.138802276079055,12.169160835205009,12.170164868743127
1019,12.012282244423739,12.030959392326995,12.028122076933895
1020,12.134894138529138,12.129175920188823,12.128856517830851
1021,11.924646610935769,11.916964119104836,11.916659567741496
1022,12.218970130182033,12.226085908105981,12.22700069986315
1023,11.640260021038753,11.642279213025766,11.64323758220736
1024,12.131245962144842,12.128995203909739,12.12828082149806
1025,12.667459747404605,12.64385702488752,12.642067189131273
1026,11.652324772015074,11.659011876836571,11.659467325452441
1027,11.848494737300683,11.866767790655196,11.866502841077242
1028,12.561350732996344,12.55269404329549,12.551604362046158
1029,11.675866934749694,11.668323579856718,11.66677222117235
1030,11.69865686037372,11.682488167827922,11.681893795091277
1031,11.798825249018904,11.819128552657316,11.817767126965581
1032,12.317980999091354,12.291471520180139,12.29436750523109
1033,12.697473536040905,12.700489973828738,12.701637731696213
1034,12.365468829865828,12.372663163079627,12.37252042835808
1035,11.792786342366027,11.797961624441145,11.799588481144697
1036,11.220689158644461,11.236435852507691,11.237080355197469
1037,12.665228051195744,12.649061287460617,12.646388976460926
1038,12.428991337545769,12.426333289877155,12.426083579374225
1039,11.418870361691269,11.441494845311722,11.441096351673744
1040,11.196275813734374,11.196350269740158,11.197593504055206
1041,11.825370583771273,11.808007359620438,11.80105550180902
1042,12.030197583317129,12.048849944898004,12.046070744715777
1043,12.198278730360187,12.191359045629804,12.192613285889466
1044,12.460254928612887,12.448158362639337,12.44765703134104
1045,12.726542862503361,12.732123056338512,12.748502710701969
1046,11.796984286946232,11.759514877247097,11.764961562374634
1047,13.028614857155866,13.002984989371948,13.007697630532753
1048,11.850388127747738,11.852399481263935,11.853321100156945
1049,11.784212821295785,11.78580453930608,11.786127651509029
1050,11.466357873447484,11.496093723188956,11.495949735534307
1051,12.161515005216513,12.170367338742688,12.168702579567851
1052,12.203778349079718,12.209669470582536,12.208460964303622
1053,12.032532584109441,12.053925202294124,12.051604173098312
1054,11.839611917111522,11.891357136874202,11.884756829180432
1055,12.469534707656793,12.471172501254124,12.47006520082594
1056,12.015469473040747,12.028072814941195,12.027549366714707
1057,12.302921728929986,12.293690483921242,12.296489727201529
1058,12.464894549844207,12.476526528460441,12.476171087831766
1059,12.79191727904798,12.796602057347243,12.796896654167877
1060,12.221949250581607,12.243707636500522,12.243474105942946
1061,12.224810118704513,12.23855406728384,12.241650682828046
1062,11.422509453039506,11.276399337315384,11.275777609606015
1063,11.709459643102017,11.694253548580914,11.69259421817548
1064,11.702201082846548,11.709991744527423,11.707585455950976
1065,11.900178650673041,11.902385489492817,11.904258988315926
1066,12.492550651602423,12.475064275924145,12.476104895669033
1067,12.080456515190805,12.086050016382098,12.085068138471904
1068,12.08840674159863,12.094737072822557,12.094017345585659
1069,12.034420105465694,12.020792397844813,12.017906263931312
1070,11.77810543054218,11.743502652185741,11.747054706923251
1071,11.779435921177246,11.766772873435938,11.768577547875777
1072,11.923643848045717,11.938594570031123,11.936238533190714
1073,11.615780199549821,11.614706200115592,11.61401184635138
1074,11.881594469832981,11.893919429167163,11.891006356521162
1075,12.134161726659919,12.143779745126162,12.142506117366144
1076,12.159074592594628,12.16572587937404,12.1685315423424
1077,11.962592135380689,11.918432885983782,11.918045393946151
1078,11.763856881513075,11.768803904608127,11.767838248057693
1079,11.842525304544733,11.848999050368942,11.84768096521421
1080,11.757367048158631,11.757590717397635,11.757488838640993
1081,12.062660279785115,12.072019784185771,12.072035887127848
1082,11.70868752350992,11.68570510803937,11.688041938359518
1083,12.190889024129781,12.195400950425014,12.194216777432933
1084,11.924289922558437,11.923931229508694,11.922853363166361
1085,12.114586056293906,12.11079798812669,12.110916441731648
1086,11.978703475724998,11.979666262828605,11.980813547975888
1087,11.441334677864504,11.450505360390212,11.452097763362284
1088,12.45735013471112,12.457900139677635,12.45770808727915
1089,11.889140261998541,11.890804402402104,11.888035373182387
1090,12.228943036786493,12.226938945884392,12.226300190034584
1091,11.346645980523634,11.33872649427132,11.33618958982082
1092,11.98011628928068,11.984748108310754,11.985844474802695
1093,12.045512914125954,11.99243745988695,11.99613958537636
1094,12.037156797566274,12.035718127092458,12.038392016449173
1095,11.757249367894715,11.74824951882399,11.748528930250659
1096,12.094415750345629,12.097738019789254,12.097310990767184
1097,11.693637165199316,11.699505405772921,11.700059003101417
1098,11.976935933328983,11.99126491837173,11.99397201317742
1099,11.664811202514894,11.665086838643541,11.66672003844078
1100,11.996635162966598,12.022236268089106,12.01981871391622
1101,10.937439679550737,10.925713323476678,10.928853051211176
1102,11.633598429655118,11.631108076568431,11.631089268467905
1103,11.755104556344815,11.770957994165965,11.769836841084668
1104,11.980256356388203,11.97669851684736,11.974577146175367
1105,11.587079544688223,11.570513420824504,11.571713222826755
1106,12.700025204000482,12.704276319569486,12.704673284621546
1107,12.187771665337394,12.188942456963439,12.188771924172293
1108,12.452090084138886,12.423465879622874,12.428013585410497
1109,12.032862474764395,12.036460195229484,12.035710472020307
1110,12.635888260342188,12.63402356399349,12.635489138121024
1111,12.100640886211671,12.113800755429043,12.112239767993264
1112,12.13542110675711,12.148456434320705,12.145138140864997
1113,11.684453901448048,11.653048406589427,11.65492916646247
1114,11.832933661884725,11.823037062966382,11.823803756523324
1115,11.63261592025792,11.622701375852373,11.622490641045706
1116,12.679392297395154,12.675100207253113,12.67609095348512
1117,12.207039210158074,12.195841972609152,12.194511968078412
1118,11.766528978770388,11.78006330125694,11.777752472867972
1119,11.814692610243576,11.789349483255762,11.791702534972899
1120,11.749870452933134,11.759901341520067,11.7619224682557
1121,11.591930525496437,11.648935797742554,11.650317696388472
1122,12.35436066768467,12.360212558758272,12.3603324616741
1123,11.301474655399428,11.333335610388392,11.327070073311166
1124,11.509902283558628,11.49368462370378,11.493245762089266
1125,12.011598820599662,12.013858237757708,12.012714261717877
1126,11.59993094909574,11.62573564450666,11.62343272294585
1127,12.19049141546889,12.181924540435917,12.182809769047626
1128,12.365088182053105,12.38968216234213,12.38695638927413
1129,12.275440302685778,12.282768664599294,12.281158785409563
1130,11.740846879980268,11.728710097913229,11.733918211094736
1131,11.835906403850897,11.8143239656092,11.81457865546359
1132,11.6560199434659,11.650848486874711,11.652669183314263
1133,11.754883292674517,11.736916380345388,11.743865992035758
1134,12.354539562363966,12.364144269854556,12.36223424182558
1135,12.10166033780201,12.083289070220392,12.084374456248067
1136,11.537955020020766,11.512968013806015,11.513749616407909
1137,11.725343510700585,11.720320209460512,11.72164609234994
1138,11.406850213866202,11.399989159773673,11.402241850884838
1139,12.2528137306008,12.234511991887308,12.2326614103552
1140,11.592151575713817,11.550252584976299,11.546062145658892
1141,11.714278660605668,11.720756465454691,11.72014918231848
1142,12.156200475871467,12.147929837864359,12.149925241236001
1143,12.803035679008115,12.793676092071328,12.79463554956523
1144,11.491638673350627,11.497464145461967,11.498586717529491
1145,11.41864011089664,11.458455447755652,11.45693665693441
1146,11.732255860873455,11.742966439370418,11.742447218373147
1147,12.098749081235809,12.097991823530561,12.095313072598083
1148,12.100934115593528,12.110374166158259,12.111440352760363
1149,11.640003881469388,11.655099204315276,11.653193956843385
1150,12.00482565197069,12.001649571301918,11.999808199911872
1151,11.644518526369927,11.676682655770962,11.673527747432814
1152,12.015304289523712,12.007863369729654,12.005298435313884
1153,12.290094771528732,12.32153833900601,12.321845662138122
1154,11.662009631847926,11.6798071243291,11.678833157718243
1155,12.286500258752435,12.281982786524487,12.281457933594577
1156,12.288271798622263,12.273790259468221,12.273890430118435
1157,12.141182491039654,12.135072477386304,12.136328878780589
1158,12.238525143390323,12.241805419533561,12.243360970025995
1159,12.339553010987999,12.30762859277303,12.308978245701837
1160,12.110070677973814,12.106082322810487,12.10516573154399
1161,11.856914268052774,11.850585705864447,11.85011560907993
1162,12.33525612331637,12.339408750191742,12.343646642099294
1163,11.727288505212378,11.707050782098134,11.707806557558001
1164,11.786026400471497,11.807254942469761,11.796511706704809
1165,12.150662385391133,12.14480559635665,12.141594186184788
1166,12.288850954198871,12.285480833196695,12.288924389424961
1167,12.396943607238954,12.40959285704393,12.40925621681258
1168,12.163783393956935,12.158543512471095,12.157820712435132
1169,12.271881003808756,12.246506107655412,12.25074836990111
1170,13.12114467678053,13.117836024100285,13.117977451303572
1171,12.018729087412757,12.013427701711324,12.01511468741626
1172,12.014202312985109,12.0090782336488,12.009786724474703
1173,12.012442116216707,12.00947844066,12.010743053130033
1174,12.25341771958774,12.199479091675922,12.19827875479002
1175,12.330441993952757,12.353774989674422,12.355880959851309
1176,12.63646576184784,12.63323355108871,12.636637779752789
1177,11.662656732558204,11.676351244982252,11.674822507096996
1178,11.610336605984257,11.625972773003996,11.623431056020298
1179,11.726997716707578,11.74065139107645,11.739968913582034
1180,11.43355946511414,11.444649515311614,11.444211775906288
1181,12.398910488776018,12.428351025427732,12.42845247767825
1182,12.560219934648844,12.547280175300136,12.550199723670362
1183,13.284998184035585,13.27506026781173,13.276048010248068
1184,11.864258352174023,11.83777034472559,11.842210395722953
1185,12.198887085389801,12.232549772335325,12.231722059045564
1186,11.735379389622999,11.719727398598872,11.716764027372296
1187,11.533982276551699,11.580044799224046,11.577452723917192
1188,12.541688549461442,12.537392161892262,12.538145816728418
1189,12.14240504258611,12.152832037171867,12.151884172595864
1190,12.137840251635973,12.145395426000183,12.144690207888493
1191,12.154874965076582,12.21254201437193,12.211389658986752
1192,12.039904987809454,12.04500772393255,12.044211166949788
1193,11.768338982170347,11.801869087499934,11.801076580455431
1194,11.988450931746922,11.980325047499992,11.978343792937045
1195,11.918479032188426,11.923378649871161,11.924327612651348
1196,12.00267962229761,12.006421002407428,12.005486874986385
1197,12.373970519130394,12.381091968828313,12.380005374840962
1198,11.89576445775354,11.907390772096948,11.90791775338644
1199,12.059962710462049,12.06060840430978,12.060384211452885
1200,11.846442478361965,11.844406597188723,11.846371216839255
1201,11.467748455159322,11.468042679620929,11.470629404403487
1202,12.186958557704505,12.196786123359809,12.196244503245566
1203,11.783107437754284,11.781174950137181,11.78135770371034
1204,12.22537763951926,12.238088535471542,12.237660874022293
1205,11.906777795088683,11.899654085677643,11.898710521674246
1206,12.57978031273312,12.586002807086333,12.58598966261464
1207,11.674267103992584,11.695533523863162,11.696944166542979
1208,12.289724326582393,12.291129510594907,12.29132752516428
1209,11.868617938459264,11.882953713757722,11.884618320988645
1210,12.584391809583956,12.566094211693288,12.568260353456587
1211,12.162511498774698,12.156810816175645,12.15853005367005
1212,12.294617596075886,12.326667584298601,12.32423269518403
1213,11.378385440967621,11.376441396196544,11.377439213440665
1214,11.910630829601683,11.905131346885069,11.906107772837963
1215,11.764433373877342,11.748394844031756,11.751767260021108
1216,11.547988229086934,11.562114664117356,11.561088941067332
1217,11.759623911193113,11.744828512010933,11.736336935681415
1218,12.355579475716759,12.358552811131732,12.359524908474262
1219,11.222176484019144,11.241821655350725,11.239688832115949
1220,11.389606850467525,11.391176338099424,11.392885588567156
1221,11.512900153477187,11.522915866786471,11.52245051687591
1222,11.697152946289362,11.706773961886809,11.70712073879012
1223,11.942498151602448,11.955245371334087,11.953414803887519
1224,11.959616126883505,11.965155587552896,11.966524776995577
1225,12.256581389944161,12.250616033194651,12.249628538638397
1226,11.911975692167644,11.897236656686893,11.89820775732248
1227,12.340660008465278,12.315995328562586,12.318202249669719
1228,11.920352480344782,11.913688827294198,11.914832067844053
1229,12.797510018166287,12.795580633926143,12.796219191159654
1230,11.806088723701906,11.78732941361078,11.787904583599477
1231,12.203397025171071,12.229378559236407,12.231149879898782
1232,11.831784287157733,11.808712258988288,11.812794420369162
1233,11.496177873428865,11.531157683543057,11.527741240147767
1234,11.755313363404921,11.78948443682812,11.79002673648688
1235,11.599108861029997,11.620281810590042,11.62020344027496
1236,11.835563095558609,11.84307196183712,11.844652897669526
1237,12.014982946974119,12.031096613245136,12.032666406909149
1238,12.26594543837152,12.278005078188421,12.274961104039782
1239,11.846414548039649,11.854354167231973,11.847773281951664
1240,12.380623096564118,12.384710462286563,12.38392774444973
1241,12.240441973270984,12.242192410441792,12.242429205695954
1242,12.491966292787483,12.487951995234626,12.488847218525345
1243,12.018282463479864,12.031762268700412,12.027974561299118
1244,12.973771045909624,12.976772581419937,12.975073572942348
1245,12.266155044317927,12.259110126283696,12.26127536779051
1246,12.219083766641635,12.184035455331715,12.18670397596872
1247,12.188715069463269,12.195342294648333,12.196142496805463
1248,11.87861272636569,11.868898111697034,11.868631160825082
1249,11.889530316013355,11.889515003447176,11.892767790887838
1250,11.663979397009525,11.662689888913796,11.662188466214225
1251,12.546957891917195,12.541043232322734,12.543371326143667
1252,12.148922931756248,12.1427451277626,12.142644173430327
1253,11.612023334694754,11.617255570063666,11.615665764426344
1254,12.507932846291327,12.481610703433349,12.480619378651173
1255,12.140702476003517,12.135348013287102,12.134662071735145
1256,11.805759059570923,11.816032020734587,11.8153012996921
1257,12.599691241418938,12.60115111489866,12.603674142203118
1258,11.441092299097834,11.41855593662357,11.418662731883597
1259,12.12984416255735,12.122446040316017,12.122662680246977
1260,12.065010692397045,12.069718412725985,12.067816916003945
1261,12.167310610996003,12.147207989589711,12.14818508017341
1262,11.727868136628851,11.729753462886775,11.730289400218785
1263,11.887649312707667,11.872795496568509,11.877297890160847
1264,11.99720011349099,12.023872449864593,12.026810890284967
1265,12.042413965085194,12.033863821911867,12.034695202210157
1266,12.130248357290911,12.137837848681544,12.140414261340688
1267,11.678862450658512,11.719036230169884,11.715402291409653
1268,12.706295878901852,12.694980191546124,12.693023743262758
1269,12.83564611828004,12.822350071809113,12.824691269118322
1270,11.818835435195577,11.805522246236075,11.80947187546041
1271,12.379071951974215,12.385705118745532,12.388562833589605
1272,12.102193394106914,12.097539527916673,12.097929913210317
1273,11.804747379146313,11.79298671666875,11.794736165717005
1274,12.033576417153032,12.079180358250369,12.071692618053453
1275,11.807880174799429,11.82812709027143,11.832640605029248
1276,11.87769003742152,11.868567615532285,11.868695149131595
1277,11.968816037697906,11.976778554575228,11.974959127620002
1278,12.236590575025321,12.212940426658223,12.21424640073602
1279,12.421679406972046,12.431778237958197,12.430405185987091
1280,11.32027513619359,11.21886992132468,11.211653798290927
1281,12.26991526109895,12.28004381217806,12.279049622286058
1282,12.160033376946542,12.164228363329277,12.163661101988648
1283,11.928737698585753,11.936022367911695,11.936196766100204
1284,11.835618129843322,11.83749552154118,11.835544278085404
1285,12.135735787231866,12.113276107904927,12.113615557288263
1286,11.745295867194189,11.764742671218002,11.765714899020981
1287,11.89998001627597,11.909591353170791,11.907379067730941
1288,12.097036788413194,12.114141489813209,12.1145758766347
1289,12.436260376765011,12.457252822090114,12.45892011692146
1290,12.57770491959127,12.564528580894454,12.565778795607947
1291,11.970463917733147,11.971687202830331,11.968193940155547
1292,11.681326619285652,11.682230262079269,11.683250118881036
1293,11.683928495658991,11.627568198639176,11.629410974774501
1294,12.123064857067977,12.126025916308418,12.123977282875984
1295,11.708356341352728,11.69766049999181,11.697224212240336
1296,11.768095866636246,11.764325519615287,11.765678644814978
1297,11.909932889838581,11.898654988052256,11.900758913973648
1298,11.886292493890956,11.879257459958918,11.878425508903511
1300,12.012025464783028,12.017367577906683,12.018315570731477
1301,12.331105822223043,12.334489858973463,12.334026596193587
1302,11.995132495737447,12.037266423326953,12.037319031633139
1303,12.596841930038956,12.607474022104244,12.609749996468192
1304,12.332746619104189,12.316714114618817,12.316630128202666
1305,11.881852035442098,11.860595993463708,11.856045507092242
1306,12.698313543425153,12.691654118374478,12.691700121330003
1307,12.248892926724707,12.240147553848939,12.243564633518442
1308,11.832977690156628,11.83547654294244,11.83477706634296
1309,11.8857990935706,11.87511503330295,11.877179346305942
1310,12.04969102409121,12.057008288642475,12.05737222768469
1311,12.702174503548052,12.748623167503789,12.751655007614486
1312,12.23118002574409,12.235056364462507,12.235399506344638
1313,12.61755099702906,12.614826451562955,12.613292191501001
1314,12.673853010618318,12.661388358768914,12.662860585560171
1315,11.621701719012552,11.616892194024073,11.617329493753267
1316,12.193865343496746,12.19543405258762,12.19511139448003
1317,12.51207664032926,12.520280933630065,12.519055409762242
1318,12.179727515013012,12.175985239275633,12.176939444815437
1319,12.478823510766507,12.480403064387184,12.480387016542922
1320,11.558148582773873,11.549247770970839,11.548564589107103
1321,12.01282029605115,12.029423297896512,12.030307194920066
1322,11.19520469497121,11.206650090686653,11.209684814709954
1323,12.378355075515636,12.373192785429191,12.37565366559583
1324,11.443411430802092,11.432931426036694,11.4371725164867
1325,12.551568364570892,12.543755445574412,12.543640397165655
1326,11.01452524643945,11.08506949357269,11.080949829864576
1327,11.372620085726542,11.35296673760311,11.354136083823624
1328,11.826315763298288,11.829008995928884,11.826117537032202
1329,12.31084740615471,12.29972758668182,12.299339526175467
1330,12.124887583745885,12.117394708641344,12.116661158523552
1331,12.42747909140819,12.417742830570425,12.417056726706848
1332,11.773413188542762,11.753465511208237,11.75635264150081
1333,11.551190109093454,11.54678043934075,11.543268805500306
1334,11.730077872479812,11.739678414521384,11.740059002540942
1335,11.6921619944914,11.660485348119886,11.659644437238573
1336,11.973906173742195,11.98099256430996,11.979278892096051
1337,11.820642078803797,11.834856657433281,11.83132281722973
1338,11.050573118732844,11.069597911095649,11.072476135370298
1339,12.397375066625152,12.390286237148118,12.391688971259516
1340,11.742767786289159,11.735110773425127,11.735660236859873
1341,11.599883101298682,11.58871157381754,11.59119163166998
1342,11.990672791498241,12.002293337706634,11.994061112629245
1343,12.416111060172174,12.41789774690566,12.416653485224098
1344,12.022426361695151,12.05097594299902,12.052713929566181
1345,12.205858906820653,12.208199857928884,12.208843501073005
1346,11.48511385765183,11.467736009780985,11.471105059496974
1347,12.449382020048324,12.43015295592858,12.43355589580796
1348,12.624517063708279,12.608075095192111,12.607429291804065
1349,12.357067395812502,12.365820313311357,12.364460272007362
1350,11.770881170445,11.808010300682326,11.806398211276623
1351,12.181819582539399,12.16888774431504,12.167601013706252
1352,12.049637728235624,12.061538128352943,12.059736711738523
1353,11.82767235730553,11.846290242238963,11.84470613747054
1354,12.82535928801248,12.833734713405997,12.834585400286612
1355,12.369171320439927,12.370395492709756,12.37080101418495
1356,12.128207990000199,12.115981931627319,12.116122003980127
1357,11.57152273240186,11.578186833265615,11.57829625345855
1358,11.980427917822741,11.963407686402281,11.964822351647596
1359,11.98174480658441,11.986302546520916,11.988176420128447
1360,12.803172377051444,12.793670945306127,12.794288028509119
1361,12.01770260630567,12.01580617369445,12.016304747241126
1362,12.502887226780238,12.539631708664919,12.544002424260395
1363,11.603260463068795,11.609229900738262,11.607998724995419
1364,12.038928875043617,12.039551564827166,12.039214383172212
1365,11.850372166069947,11.851782550824506,11.85153111353995
1366,12.236705624066719,12.242072900944,12.243117038714281
1367,12.1906276572671,12.203490385197574,12.202511751211418
1368,11.807559360294645,11.817614265439794,11.817196660648776
1369,11.821837997127668,11.812225370919837,11.81221099889137
1370,12.355705952467423,12.373276682085418,12.370812268199295
1371,11.598419084212631,11.595252977420152,11.595628911311781
1372,12.147849991342571,12.130539738264623,12.132678911013494
1373,12.485656863639475,12.489105789248088,12.489862974455644
1374,13.074297331861914,13.090060699248413,13.088731545259684
1375,12.396401235701532,12.399086592639533,12.399078011382333
1376,12.417010264508797,12.40992221090883,12.40807343201051
1377,11.46841285525587,11.437731404463584,11.437516589177253
1378,11.800874191006184,11.793862772822573,11.793586485649868
1379,11.484434856192225,11.492628992917679,11.491749057307903
1380,11.925426867752346,11.917955187765019,11.919031544254551
1381,11.17573982402787,11.169721863456582,11.16737951927042
1382,12.370410920636164,12.378877108769618,12.379756089554958
1383,11.966376788472534,11.971373335781502,11.96981645627066
1384,11.936780910497404,11.926915988458008,11.92771958530523
1385,11.611593430560701,11.63834027310303,11.635376508552241
1386,11.616782258865289,11.653904444452284,11.655214095699746
1387,12.59606465952763,12.586670864195227,12.590826727144199
1388,12.012861098852772,12.005991868644864,12.013379747272216
1389,12.737198118833236,12.73316923700106,12.729472515500762
1390,11.763136190999672,11.765443283338932,11.766553368595664
1391,12.295878253188247,12.298886809255281,12.297993458559803
1392,11.850239953836324,11.858346011496698,11.855450802995577
1393,11.70595026981672,11.693692790726653,11.693575072994449
1394,11.88619094902644,11.88395231501308,11.879094838621002
1395,12.326928108832764,12.326995482935946,12.327255348459314
1396,12.49611766887745,12.506971821400905,12.506341887178554
1397,11.971699471578457,11.997851904030496,11.996548208213175
1398,11.868848957393428,11.863588129037986,11.865860910799592
1399,11.848932948318451,11.838653281643241,11.840287802574482
1400,11.95545276669012,11.91822211516114,11.917875275392243
1401,11.720725355246843,11.687577117044562,11.688300219842004
1402,12.132254633494318,12.132184521620525,12.132506926213116
1403,12.177107365966908,12.18451621031986,12.18297633124747
1404,12.443306588193888,12.418052638281722,12.418594078048748
1405,11.360221561702863,11.348840152495967,11.346313416749275
1406,12.46287621664765,12.452144584477063,12.453830473545326
1407,11.756855495842656,11.75981349611175,11.760856683476323
1408,11.576742679565042,11.57782183056042,11.578593787223069
1409,11.666122054443438,11.661618977463258,11.664525505474478
1410,12.24857384674727,12.267126061699239,12.264616913504844
1411,12.295326268025047,12.304591636147544,12.30429917348534
1412,12.028417226924713,12.02156825985198,12.020347118437316
1413,11.452490948265716,11.42831782587199,11.431228344941232
1414,12.472405947973284,12.485680476424479,12.485706152812933
1415,12.083681386213788,12.078047689312028,12.080282427495405
1416,12.26911963104916,12.254908523552096,12.25709931599528
1417,11.77156150751321,11.76890949767244,11.76815371730973
1418,12.654616082134167,12.656736727632367,12.656722945402622
1419,11.752065134322402,11.762532344321714,11.762631410969743
1420,12.342639752453907,12.382240912487138,12.383178691165037
1421,12.03993594400175,12.032828954551698,12.032509363480852
1422,11.840670597712386,11.82118876277037,11.821785485506604
1423,11.80991107310866,11.812074375388121,11.811627852058308
1424,12.315604369329757,12.340146172013968,12.341837306271994
1425,11.805759632368614,11.816156904502439,11.814622522537569
1426,11.934906489484257,11.939386016286162,11.941350728089745
1427,12.479377164293224,12.485556268028683,12.487243062583246
1428,11.815470955943695,11.824265150162828,11.82429766556329
1429,11.631336344426671,11.627264267248057,11.627773449758878
1430,12.224258989245069,12.211156650993575,12.210654463673315
1431,12.110783537463282,12.107215000416293,12.107800031668113
1432,11.832194482698606,11.81660681946018,11.816818720845713
1433,11.497549848190797,11.506534511698268,11.508179817160357
1434,12.152613234565681,12.144611161386727,12.145367932536022
1435,12.002121460218326,12.017140839632601,12.017403313786351
1436,12.128329412591858,12.143443542565082,12.139822421277344
1437,11.647632359238443,11.655034756125163,11.653308820182009
1438,12.752614180623016,12.767465336667252,12.76701833647954
1439,11.87822742893566,11.892516783778703,11.891664407598055
1440,12.084421386512721,12.092511923729377,12.091694109635881
1441,12.343455345216507,12.29812546774848,12.302154067554577
1442,11.838193287341774,11.838944535138047,11.838223580309855
1443,12.814249912976873,12.82725202348517,12.825143777923609
1444,11.611185461213713,11.576170763519002,11.56060636408232
1445,12.146441254103879,12.167642537419615,12.164560800106555
1446,11.765105598602858,11.74988643414848,11.751015975794374
1447,11.906487654616205,11.91754048709909,11.915726575006893
1448,12.451678491280056,12.453992537964265,12.452995369084883
1449,11.697318619932993,11.66052781816754,11.658211714350475
1450,11.357724465812266,11.360015562975336,11.360993474883683
1451,11.78579758244629,11.790514005017236,11.78881207901151
1452,12.478429755551769,12.45077548930855,12.450239429386732
1453,11.77252760751713,11.769940077231741,11.768779732674457
1454,11.790861965411924,11.789823994762537,11.789562173438387
1455,12.167149832928539,12.170817383348671,12.172593858390211
1456,12.074883424839356,12.066315968355234,12.067072446494834
1457,12.246527510328203,12.269434470942198,12.265192193736368
1458,12.421347446491179,12.436670551348673,12.444977862626274
1459,11.850200021629895,11.856171093441642,11.857949694422022
1460,11.887729255966622,11.883863265260104,11.882996125772399
