Id,rf_oof
1,12.220157189295303
2,12.015585761762093
3,12.241741356052838
4,12.070269661956111
5,12.5073469498911
6,11.934787079434722
7,12.549888355564015
8,12.297097689937381
9,11.9065066278355
10,11.711605895856096
11,11.797432072791361
12,12.734945807469801
13,11.778314934832046
14,12.32122925001299
15,11.919356925851478
16,11.777356100177096
17,11.887585912347186
18,11.634020659717304
19,11.937217071686414
20,11.827984099191834
21,12.628032130433773
22,11.683625422533874
23,12.388763315751703
24,11.836741956453825
25,11.8314972047378
26,12.460559362740826
27,11.768901169502247
28,12.607621356799061
29,12.082684576990145
30,11.261876003019184
31,11.478957553189638
32,11.85979540058049
33,12.164501949574268
34,12.03553958256745
35,12.550467275348502
36,12.611684582382582
37,11.921472141186262
38,11.927122797866407
39,11.784531668137982
40,11.395651632919538
41,11.951557512754897
42,11.976638387989455
43,11.822066725561175
44,11.748754944759686
45,11.829196449907128
46,12.582026450320722
47,12.540780430961583
48,12.407534084492557
49,11.624454478012986
50,11.764622331782004
51,12.070452928225382
52,11.677959903952347
53,11.625087640238856
54,12.688364675979866
55,11.758356915533557
56,12.01696718455276
57,12.242642143360527
58,12.203028784572762
59,12.826078099979538
60,11.709583650867769
61,11.987434133013434
62,11.46148301636135
63,12.272009535614547
64,11.943053340819603
65,12.34478587271926
66,12.622471443243551
67,12.453747838144857
68,12.265808716944678
69,11.478904912186767
70,12.327479776235922
71,12.466346371399519
72,11.713685030967854
73,12.161070360897979
74,11.872372270236776
75,11.74227313774536
76,11.467081615579426
77,11.651660332895027
78,11.68957199372474
79,11.822841101761462
80,11.625869351269573
81,12.166555195785433
82,12.064914589459399
83,12.394790251187207
84,11.790161561775076
85,12.02922435535522
86,12.549920881944644
87,12.093146654186414
88,11.900585249280828
89,11.444456049485943
90,11.673881065008967
91,11.477554878174882
92,11.791728774852334
93,11.703913953079695
94,12.06343836151514
95,12.234370778481706
96,12.033417360040747
97,12.348855108944258
98,11.724955246991014
99,11.356144584389419
100,11.704268638576039
101,12.227341184621684
102,12.087267772944221
103,11.731741403454446
104,12.18856878940551
105,11.955807280817803
106,12.478244799501311
107,11.461618185598713
108,11.502672663609669
109,11.736231667714748
110,12.238704418065
111,11.917344321547
112,12.043932580088075
113,12.639894923652001
114,12.197045007004336
115,12.146784261143711
116,12.021105120852521
117,11.81684961841138
118,11.906854773839589
119,12.66990934392021
120,12.05536103256994
121,11.854861260065052
122,11.57661215528568
123,11.849546294743071
124,12.068169689293084
125,12.03847878969159
126,11.329211822840838
127,11.774032085660354
128,11.456377600720955
129,11.86840324802288
130,11.817480914247243
131,12.278849923429174
132,12.259085071359022
133,11.896320734033397
134,12.221775856842227
135,12.067661203709406
136,12.108114091134864
137,11.936378338621903
138,12.384149744092415
139,12.390092692180204
140,12.204738487739808
141,11.594895243457621
142,12.463850951411077
143,11.793838663234247
144,12.257135526456688
145,11.890995937816731
146,11.898753908908326
147,11.50816450827534
148,12.301129464331295
149,11.896737258666404
150,11.594573282638907
151,11.833809004363001
152,12.659692058189743
153,12.145787155187966
154,12.05204360765764
155,11.754349057261653
156,11.353728749513259
157,11.541642594254776
158,12.45441721916556
159,12.350777186987967
160,12.560044403624747
161,12.023421938072415
162,12.837697336058186
163,12.39542213718254
164,11.49688833693328
165,11.864183581679958
166,11.639775666447362
167,12.103679096744692
168,12.726302665305631
169,12.19779489174053
170,12.392294955076832
171,11.66545369836414
172,12.072041170020443
173,12.203992637976937
174,11.95255242934801
175,12.190526099588192
176,12.253367993926403
177,12.305537054422302
178,12.049697775155005
179,12.984138581399977
180,11.636415921141943
181,12.049878000654044
182,12.005982967627343
183,11.649191427293884
184,12.301981102196757
185,11.74376047514885
186,12.736502748865657
187,12.098940296662931
188,11.771485433768689
189,11.883319938385561
190,12.475741304420787
191,12.482960349827794
192,11.987941578080953
193,12.227001377954196
194,11.905655673686654
195,11.71747943539315
196,11.936266710670308
197,12.556184365818826
198,12.62137758876858
199,11.814994371476338
200,12.637620129882977
201,11.90559055951425
202,11.982959232531476
203,11.695731960493767
204,11.886519580905624
205,11.662796671601583
206,12.123848872744672
207,11.936798607963294
208,11.825792427247247
209,12.377788475644442
210,11.898554307663046
211,11.465408988427672
212,12.060605566110075
213,12.313956424393849
214,11.877267834511965
215,11.892474528640838
216,11.893443435610216
217,12.224009055739025
218,11.44330097033675
219,12.217470871517817
220,12.11684999492355
221,12.29751954724183
222,12.279841645954697
223,12.042698577222424
224,11.72896807596424
225,13.00694218116364
226,11.592234177173975
227,12.567869181749813
228,11.448729420855779
229,11.75737646099835
230,12.22227008902334
231,11.857453952794184
232,12.756682364019731
233,11.524898818257897
234,11.744480698585177
235,12.24461483667905
236,11.426385392939059
237,12.1656422901279
238,12.23701702797944
239,12.492959502143336
240,11.789130764632395
241,12.442885073721737
242,11.468348190363397
243,11.578209570995137
244,11.739629286464655
245,12.362526265134807
246,12.337482856545586
247,11.80355700332978
248,11.93211706441201
249,12.179394568937521
250,12.335380667444994
251,11.488948309560021
252,12.538779345034488
253,12.124321917549395
254,11.975943466519523
255,11.9008487739013
256,12.34949830375714
257,12.186934504861815
258,12.418326278914986
259,12.244132065124262
260,11.54938773579697
261,12.009878428192009
262,12.731456888453577
263,11.868414391879298
264,11.721712974097105
265,11.472574517838682
266,12.10169787887835
267,12.120056086356694
268,11.97182027809832
269,11.6268685112676
270,11.906528877500536
271,12.447100390298996
272,12.122227260719175
273,12.524613081871042
274,12.00954265380441
275,11.753242314518845
276,11.990459810141962
277,12.320419993376042
278,11.56481194865193
279,12.867478675505069
280,12.229383698425783
281,12.276836437373127
282,12.114769700871099
283,12.30815798333119
284,12.37503158480567
285,12.176330184534422
286,11.994601466292975
287,12.060042547169479
288,11.539284098397546
289,11.713411862260902
290,11.814793386756335
291,12.426722639370563
292,11.846405280574594
293,11.881851806605743
294,12.333519907706732
295,12.010556621184032
296,11.870102562887386
297,11.854568253673493
298,12.279234721303888
299,12.04844831090367
300,11.85554728840116
301,11.954126689182647
302,12.531660560168325
303,12.36398756435717
304,11.760028051819365
305,12.53418114285072
306,12.696487086915804
307,12.393494692835324
308,11.52097846438678
309,11.647942924338015
310,12.765417915823699
311,12.094881163151056
312,11.747521225281673
313,11.715387538863688
314,12.372442508968378
315,11.950248559433238
316,12.083574665989401
317,12.378684608179464
318,12.443446025982109
319,12.643962582818345
320,12.210373988514586
321,12.693030345151968
322,12.684573936962602
323,12.49893088235504
324,11.729402282116785
325,12.48443426385647
326,11.388893459677263
327,12.538285857611779
328,11.907777677912375
329,11.98977386415736
330,11.422851120373954
331,11.900066158529032
332,11.836191611705377
333,12.710844594230563
334,12.167979138782487
335,12.141656667038573
336,12.158899315072267
337,12.733351717155811
338,12.306767092687807
339,12.176292293773864
340,11.861277916197919
341,12.294858906842592
342,11.418319504792931
343,11.443183118350577
344,12.557890174568728
345,11.550018879251963
346,11.841511851988779
347,11.809972969750564
348,12.067325800599782
349,12.11333365576108
350,13.012744047398774
351,12.59418855931321
352,12.196867539803929
353,11.470632931759173
354,11.623397099450026
355,11.902974989676096
356,12.070413766666075
357,12.01904491180139
358,11.899069254521201
359,11.77233857542777
360,12.432629452216835
361,11.849278780179677
362,11.814598748803359
363,12.097139692154439
364,11.497786142106474
365,12.091798593153094
366,11.702108852730975
367,11.99767647792109
368,11.936011857995757
369,11.907176116333616
370,11.963597148377966
371,12.090962518051679
372,11.761259928021783
373,11.649805287804423
374,11.778682654180678
375,12.24099709798883
376,11.217461110929504
377,11.844306338680019
378,12.557034538143858
379,12.75313378346739
380,12.145689815389149
381,11.881495160186839
382,12.180690042016135
383,12.26617801573059
384,11.421033899837958
385,12.381330017283199
386,12.138991855393769
387,11.417694217373876
388,11.823057046328232
389,12.251057738576508
390,12.83530370187462
391,11.738665362515903
392,12.268352708045148
393,11.540429035283617
394,11.472061123454385
395,11.594679926179099
396,11.839928606874839
397,11.759488726325133
398,11.988991301724983
399,11.510295930869383
400,12.211584236021489
401,12.187376151325047
402,12.133570919026539
403,11.478528562166089
404,12.478577417767282
405,12.076710732013186
406,12.040159753232244
407,11.788046832762078
408,11.942591797610927
409,12.492859364625877
410,12.53914989034641
411,11.736479948104781
412,11.778109919680023
413,12.36057376602033
414,11.641177802202469
415,12.390110343432902
416,12.143385647256864
417,11.956131911651953
418,12.278246155082284
419,11.606772228338043
420,11.803186325242885
421,12.159872874657818
422,12.27947276439959
423,11.696591092244368
424,12.686396772760544
425,11.89243423935794
426,11.807219238197026
427,12.370303993912257
428,11.641083510801298
429,12.177241630578491
430,12.109092286784426
431,11.466854401371226
432,11.62589737472808
433,11.783498832032544
434,12.090173351029836
435,11.362884382054261
436,12.168017354014767
437,11.600232541393792
438,11.601000844391066
439,11.43168563441586
440,11.747048255769746
441,13.007699154107002
442,11.81174892204208
443,11.885694257711299
444,12.166855341625368
445,12.29376570990273
446,11.985995055975238
447,12.261366912066368
448,12.243982674364267
449,11.759637584229965
450,11.611356850517
451,11.541320485585379
452,12.240901908429052
453,12.21309988944199
454,12.219911118667568
455,11.886199910484047
456,11.989985458734171
457,11.522279946650695
458,12.153213478585238
459,11.943918986062968
460,11.619882891260342
461,12.33942330489595
462,11.856564253716103
463,11.708291822476921
464,12.013595034995921
465,11.696164549696157
466,12.124338411837007
467,11.993805059341845
468,11.964361315311711
469,12.43729825069775
470,12.168301227489197
471,12.314899783999843
472,12.14477708851894
473,11.839289156196962
474,12.785108703218965
475,12.454818337563422
476,11.80084592750609
477,12.212421983950575
478,12.925561045928994
479,12.646524503746328
480,11.690065717433702
481,12.748798560402186
482,12.695862325988431
483,12.054316562877464
484,11.997870809153964
485,11.808046557621903
486,11.85707244187735
487,11.862086966740438
488,12.065095854544175
489,11.88038174951226
490,11.440122590357577
491,11.611679383022137
492,11.909419066160853
493,12.024199282812747
494,11.90764231236828
495,11.518200776793641
496,11.347140855146863
497,12.683426820235727
498,11.98452183411978
499,11.74430522953275
500,11.71588105118596
501,11.646864599326518
502,12.261380917758695
503,11.868491134970109
504,12.378159728846745
505,11.859978428973612
506,11.79346356679601
507,12.253712695901694
508,12.108144713549022
509,11.824596780126631
510,11.829585413796675
511,11.908385729974027
512,12.195685095031525
513,11.742240066619344
514,11.876538827325922
515,11.36964292287929
516,12.88734541956851
517,12.098801319304481
518,12.548790732906289
519,12.19178026708985
520,12.312389941731047
521,11.360510910797748
522,11.929100748212534
523,11.942315814174101
525,12.604747345378003
526,12.136453658655787
527,11.741356596798358
528,12.910037115961892
529,11.301046076023894
530,12.314980821809963
531,12.212063473195045
532,11.710567904519843
533,11.547663827147103
534,11.04958863722198
535,12.130670794233536
536,11.770261267217537
537,12.198208350967523
538,11.735965414253167
539,11.87057165405047
540,12.43899096421764
541,12.758081987919525
542,12.469874917488143
543,12.358854542548103
544,11.814575496844204
545,12.106033081984434
546,12.446114523755547
547,11.978442728568806
548,11.755389216216859
549,11.66457878279831
550,12.356675437410214
551,11.815167518456105
552,11.652990345605629
553,12.534998716579938
554,11.565664498115668
555,12.441898167383725
556,11.629042843486193
557,11.869009750115781
558,11.579152115363364
559,12.105359996688176
560,12.161540247994138
561,12.000545095252933
562,12.02606808803097
563,11.611831361731008
564,12.044665967516865
565,12.427941584047643
566,11.81182942734373
567,12.651465534781925
568,12.266575767411585
569,12.568099692795418
570,11.852480480991392
571,11.846772126272676
572,11.704899151795177
573,12.256563145957601
574,12.037532620755274
575,11.618847232073227
576,11.697229021352927
577,11.89600880002296
578,11.984669983725565
579,11.983473707870672
580,11.831016266498258
581,12.061286604220147
582,12.786612861310543
583,11.640930578707232
584,12.654206114872595
585,11.751821726671881
586,12.817888538412953
587,11.621499778648708
588,11.809022368641216
589,12.146902797188691
590,11.568533047026087
591,12.127041974445051
592,12.877955439520871
593,11.800062845521863
594,11.864425261241118
595,11.695938656361756
596,12.667740522196857
597,11.614924940624192
598,12.177664293254189
599,12.148929331787928
600,11.947992378801931
601,12.466743220989551
602,11.73897705054715
603,12.312883603505986
604,11.944497533239755
605,12.321121403191581
606,12.190480707259992
607,11.893301978079007
608,11.984983074544129
609,12.507936112395825
610,11.73017565989874
611,12.673512259576533
612,11.945760175026575
613,12.438347598070544
614,11.67456253234501
615,11.34324553503257
616,11.876412421015768
617,12.095616643136763
618,11.6515372857402
619,12.614284795222241
620,12.652452222279262
621,11.273414104759148
622,12.352942421982181
623,11.805083017142666
624,12.071823152292241
625,12.029626954802204
626,11.872998001942916
627,11.863695677565106
628,11.969038467392837
629,12.146176493348882
630,11.972262203746876
631,11.755294478853646
632,12.401517579093147
633,12.111004792173642
634,11.823308816682616
635,11.863166283340512
636,12.152467695855597
637,11.099816893303627
638,11.685348242724457
639,11.48962186578216
640,12.475754152895043
641,12.480106697031523
642,12.361088950360314
643,12.65050439127766
644,11.98480449221107
645,12.657251292743847
646,11.780107326641701
647,11.572527090043781
648,11.853412993213189
649,12.001005513058065
650,11.31677177082043
651,12.177853520532317
652,11.780861166716397
653,12.19078051000104
654,11.773124040021465
655,12.728698938588842
656,11.482570858514645
657,11.853655561685468
658,11.973926428938704
659,11.85997200459513
660,11.989552368798101
661,12.178336554011
662,12.742289076761699
663,11.972487868171891
664,11.885446531941586
665,12.85291729436719
666,12.394413787354763
667,12.245801062906898
668,12.225680638947983
669,11.996867434027948
670,11.646490687055035
671,12.087060678186857
672,11.680852218714975
673,12.009499343113957
674,12.28645951470555
675,11.926488849368623
676,11.903134672166136
677,11.723180317417162
678,11.518687488255441
679,12.698783339224427
680,11.774359843909073
681,11.725992276556049
682,11.762621872558976
683,12.083475477431007
684,12.498872122062323
685,12.303057582789458
686,12.350560052577384
687,12.266819223272272
688,11.91648233228434
689,12.282036536978287
690,12.142127830075053
691,11.893194258185636
692,13.179298644790999
693,12.551759374058504
694,11.694981469628747
695,11.802994301754131
696,11.98692721039726
697,11.433388478405147
698,11.723351465744933
699,11.757858506919918
700,12.15879428589275
701,12.634949581073238
702,11.954320675784352
703,12.703467161368609
704,11.838325582510366
705,12.238311758465816
706,11.227877748737496
707,12.477306390897013
708,12.31322109219687
709,12.079359836702386
710,11.67212852609627
711,11.30471444462071
712,11.593072154273505
713,12.144020027598438
714,11.668795208131831
715,12.062683341185794
716,11.968346946903825
717,12.233829651064884
718,11.961377127765896
719,12.641357913248699
720,11.783140561752425
721,12.500961437976132
722,11.887639955863344
723,11.659604932833108
724,11.795807275986718
725,12.671418338317979
726,11.667637863629578
727,12.183677421348378
728,12.185464910286884
729,11.85488984421571
730,11.540683724495262
731,12.431048926221301
732,12.08018685806338
733,12.373305502482017
734,11.804111511964424
735,11.70086847258551
736,11.985052383237745
737,11.410099151664877
738,12.335241369299002
739,11.859156574203281
740,12.217883622457075
741,11.658352448952197
742,11.783816412257567
743,12.132357066821044
744,11.919464966488528
745,12.234079239750848
746,12.64663285572627
747,12.364411560470042
748,12.431211357280903
749,12.418070314527364
750,11.509324569354527
751,11.433307882805511
752,12.043071630355456
753,12.204231478369183
754,12.51195376883607
755,11.84808738064708
756,12.01851922947566
757,12.284184133599739
758,11.954316630103024
759,12.022177563941247
760,12.677535294220545
761,11.690495124402391
762,11.793873180589792
763,12.162602913657784
764,12.640622929971753
765,12.324539701526543
766,12.430038721614089
767,12.139239040119254
768,12.058969326858277
769,12.402294122195542
770,12.915594887910348
771,11.801947836215573
772,11.716992233736015
773,11.874980227740163
774,11.71202070362894
775,12.648867446674025
776,11.99639127685691
777,12.361319771158158
778,11.833583613992719
779,11.798852965289113
780,11.87541781274844
781,12.083160261853209
782,12.098438156325972
783,12.189694372479712
784,11.950318196408206
785,11.771824968261711
786,11.981756427343518
787,11.799524582826741
788,12.386050625699664
789,11.613877522301495
790,12.229453970468617
791,12.034093412698006
792,11.92954458176612
793,12.357766626765285
794,12.365463456801697
795,12.19469446316889
796,11.975859050502448
797,11.80115610780057
798,11.620382957294039
799,13.010202572446952
800,11.933467100237133
801,12.147290283942876
802,11.734803129539756
803,12.078403005899984
804,12.991337756676382
805,11.775126225348524
806,12.229005192132666
807,11.8137054005887
808,12.061995958063296
809,11.893784727956717
810,11.740241566426235
811,11.984203843274006
812,11.889671071901576
813,11.514830548044419
814,11.91476192815877
815,11.622931864417904
816,12.309588092985857
817,11.769446260902507
818,12.529254909779224
819,11.893183990196562
820,12.261744833212319
821,12.166594607053097
822,11.53169753422224
823,12.136661808245563
824,11.81936166962506
825,12.393671899964394
826,12.978496298347679
827,11.557331633677395
828,12.167266118372286
829,12.026357499668958
830,11.941160322926788
831,11.953342227654495
832,11.891043725111018
833,12.302322371713649
834,11.98257793926418
835,11.854226269007842
836,11.805638710581425
837,11.837421391200342
838,11.442125052420606
839,11.853526367417505
840,11.721283257255262
841,11.799723599694708
842,11.84953411363891
843,11.901967496833329
844,11.796573070772537
845,11.817423495485256
846,12.151985661535184
847,12.161236435984385
848,11.763694749370837
849,12.15763316945115
850,12.072017722012584
851,11.865611125240616
852,12.187750458884816
853,11.982387801884999
854,12.036111578010342
855,12.110264816094167
856,11.81023956317758
857,11.840390238642078
858,12.010519275805974
859,12.03671966414115
860,12.315299827114782
861,11.915955212753683
862,11.828549612620213
863,11.907764702323998
864,11.840737598456746
865,12.212505140651631
866,11.81526465597457
867,12.447238568948855
868,11.82202531280965
869,11.943525507537105
870,12.357406206100384
871,11.567163589895502
872,12.160335559271104
873,11.598224606830502
874,11.72513452958021
875,11.576468009738601
876,12.65810252421094
877,11.827856804749967
878,12.69373664202803
879,11.922289397602258
880,11.792955022257168
881,11.93668574806711
882,12.236782219621837
883,12.090716721931418
884,11.828339474287917
885,11.709194580074293
886,12.563948012116038
887,12.006806711615154
888,11.796326510626347
889,12.558295886965702
890,12.00162942501595
891,11.666259324557796
892,12.038157036030936
893,11.84605018730414
894,11.937556732802301
895,11.735677748851593
896,12.010997229181337
897,11.560161074659675
898,11.906122949069593
899,13.0113223576952
900,11.835005443399284
901,11.675170065816673
902,11.865560174799349
903,12.080824607947557
904,12.401170516970115
905,11.717790257200845
906,11.805181564178485
907,12.448360410396333
908,12.215396724499296
909,11.791716529364903
910,12.072293667037876
911,11.928392632763964
912,11.915467528875324
913,11.587560358307572
914,11.87524963125264
915,11.913788540413936
916,11.43814029114155
917,11.213738415948669
918,11.815392408274178
919,12.431511557400906
920,12.07122076214952
921,12.178771086123234
922,11.968786442029772
923,12.087819341622243
924,12.192326961750748
925,12.152812640402487
926,11.947792875393514
927,12.609621388943754
928,12.136000941796997
929,12.452400281572473
930,12.33721586071711
931,12.27902036860928
932,11.736708912447414
933,12.677667173706975
934,12.273250589737925
935,12.274266176195631
936,11.457481782607827
937,12.122333520256824
938,12.386940608427171
939,12.385206785680602
940,12.30073130480928
941,12.029528048547776
942,12.345668565091811
943,11.836723500633678
944,11.918357936607727
945,11.915802972297616
946,11.865292556672662
947,11.870909608230985
948,12.50551451960906
949,12.251454960018533
950,12.018129207144343
951,11.757832519068725
952,11.741953239732924
953,11.752693648825268
954,12.072082263450003
955,11.655690166799205
956,11.973599011470649
957,11.758941451876458
958,11.785570661196298
959,12.178467093241249
960,12.027544324973265
961,11.634527164982751
962,12.356675413232882
963,11.975689808240485
964,12.530996304594693
965,12.263093321194036
966,12.066920489399926
967,11.743729512858309
968,11.819697537125306
969,11.285022649365802
970,11.74137559366727
971,11.404739435401487
972,12.092969859099878
973,11.716712100309469
974,12.214865219710484
975,12.134860702080301
976,12.011184485348714
977,11.359882305511622
978,12.185076666632108
979,11.666054411999584
980,11.86017117755997
981,11.986474864480362
982,12.700063600399755
983,12.111161513343854
984,12.506574832731998
985,11.75094372585646
986,11.758137799218135
987,11.745974500609634
988,12.802563040897079
989,12.138385400029254
990,12.146043453271348
991,12.639883798854985
992,12.206018403459588
993,12.100327331550357
994,12.088846908141312
995,12.710012765683906
996,11.636919111042785
997,11.805509768662652
998,12.016460327969005
999,11.540471311953219
1000,12.159410432426014
1001,11.386365021747372
1002,11.388392463328422
1003,12.422261749251039
1004,11.898340359353979
1005,12.168821290885397
1006,11.806184228369457
1007,12.0894857229253
1008,11.371147672832317
1009,12.380747336829861
1010,11.610297807586825
1011,11.722351126005636
1012,11.632234027051263
1013,11.841846843948861
1014,11.597014506691249
1015,11.72262000377504
1016,12.196837756339653
1017,12.311589064441401
1018,12.14819844303617
1019,12.03313995477695
1020,12.158152726114782
1021,11.932277949987336
1022,12.17594463196499
1023,11.677603611181532
1024,12.168407864667339
1025,12.658707139911844
1026,11.7449433988274
1027,11.92092599449477
1028,12.6000282243371
1029,11.770292343828975
1030,11.644571055835558
1031,11.846274487318205
1032,12.405214048497854
1033,12.613711472795387
1034,12.403915468752094
1035,11.662268854519358
1036,11.384005660710878
1037,12.628971949115632
1038,12.43202229119295
1039,11.555277760342335
1040,11.386742092191835
1041,12.048479117350654
1042,12.039387522846418
1043,12.173043917829672
1044,12.490374804738739
1045,12.639124505037172
1046,11.745102552341212
1047,12.9440301863594
1048,11.854766915085616
1049,11.781446086276546
1050,11.519888685645869
1051,12.13483013783344
1052,12.133141208751546
1053,12.07633932023471
1054,11.941362664456829
1055,12.451025167116791
1056,12.045300629034593
1057,12.205739536212995
1058,12.286940398325155
1059,12.645256956375754
1060,12.047196344661293
1061,12.19297659042368
1062,11.520947744839352
1063,11.833870801405348
1064,11.809356877184575
1065,11.952401369326445
1066,12.489906847292545
1067,12.055360557098663
1068,12.009444143444432
1069,12.136328715176012
1070,11.739520095254596
1071,11.806369226857413
1072,11.991842859435492
1073,11.691864964917768
1074,11.927978195455067
1075,12.188020163908405
1076,12.07302280423271
1077,11.929602993218605
1078,11.851673145778713
1079,11.86058611113518
1080,11.816234150990995
1081,12.034060067086772
1082,11.788978774519201
1083,12.193620544273456
1084,11.92645651066404
1085,12.094243092145751
1086,11.896655573543313
1087,11.46930064481302
1088,12.458549653361938
1089,11.832284400584847
1090,12.212210284140333
1091,11.40930603143983
1092,11.992787041021572
1093,11.97641183282809
1094,11.868610966797593
1095,11.713893971954201
1096,12.101825340479209
1097,11.613703786373307
1098,11.965107452635474
1099,11.622298056136767
1100,12.08713240636393
1101,11.060515634580705
1102,11.722691195069523
1103,11.81404578205049
1104,11.818196808087952
1105,11.699927865947059
1106,12.659956876052275
1107,12.17461976153072
1108,12.335107326602655
1109,12.085737122961795
1110,12.633697871074881
1111,12.121427939625452
1112,12.14155738873694
1113,11.702438148260574
1114,11.76402833234207
1115,11.711474195612244
1116,12.636304412114947
1117,12.118566567065423
1118,11.811666008271589
1119,11.842167680793452
1120,11.73710267924787
1121,11.609162859566627
1122,12.341813448852454
1123,11.495737696052942
1124,11.419563910525508
1125,12.038811501875278
1126,11.662518616896312
1127,12.21166337853598
1128,12.378245339345845
1129,12.304171944194454
1130,11.808710582047434
1131,12.026372813515943
1132,11.621144375148177
1133,11.865589398579472
1134,12.377624782297547
1135,12.097482755444242
1136,11.55922601420659
1137,11.77515583748996
1138,11.419352860534316
1139,12.175936758424012
1140,11.767018997438688
1141,11.738460527535096
1142,12.076785755289979
1143,12.77023481835956
1144,11.594718478936615
1145,11.407130243622992
1146,11.82600961358428
1147,12.096496016138223
1148,12.038760655084491
1149,11.635411471180767
1150,11.906385158330568
1151,11.654098283087949
1152,12.048807278832253
1153,12.13845797966147
1154,11.711655754856956
1155,12.202022884975152
1156,12.108967661903337
1157,12.019782029954426
1158,12.24538992414851
1159,12.396439944916633
1160,12.129259347410123
1161,11.92957491731698
1162,12.182602848638673
1163,11.775499569626975
1164,11.834857452928118
1165,12.117684712186401
1166,12.328544397385837
1167,12.467462696990886
1168,12.139650497917776
1169,12.227234502250623
1170,13.031477879209298
1171,11.884804418611921
1172,11.96064800411261
1173,12.001078609546509
1174,12.188998700023538
1175,12.256587048178059
1176,12.619162612546656
1177,11.785142092773137
1178,11.633790781494113
1179,11.723441821986501
1180,11.533297904078099
1181,12.425337088924076
1182,12.542967348574738
1183,13.129468508664527
1184,11.827251261956457
1185,12.055119380141546
1186,11.6820592633752
1187,11.853696730120493
1188,12.511019384320125
1189,12.142479151353143
1190,12.175452306819057
1191,12.053518843771629
1192,12.070681237206987
1193,11.763332625020512
1194,12.01333419043001
1195,11.806610324940447
1196,12.041154287356212
1197,12.329173948233011
1198,11.94191684923674
1199,12.124086620829148
1200,11.892032220601564
1201,11.619868848035726
1202,12.217612602475308
1203,11.719015056433804
1204,12.30061306101466
1205,11.872394720094627
1206,12.539588231311397
1207,11.70564409007187
1208,12.248943139329812
1209,11.845577215261534
1210,12.565277234809502
1211,12.196816197308124
1212,12.149592669051101
1213,11.337614350859498
1214,11.589872229189227
1215,11.785521804152877
1216,11.653672913012587
1217,11.800870322873852
1218,12.288894567868695
1219,11.247056303783937
1220,11.508220277705105
1221,11.681007421771737
1222,11.781120517928938
1223,11.945430552503856
1224,12.017754756875412
1225,12.125186604783508
1226,11.78910289887591
1227,12.287313918327595
1228,11.81319089138763
1229,12.745558917143402
1230,11.894477934393038
1231,12.153260296142948
1232,11.883279618139259
1233,11.639492024236057
1234,11.876952904543867
1235,11.77859285427925
1236,11.832594395123927
1237,12.026069425689656
1238,12.308622161761571
1239,11.938158530298136
1240,12.321362365347612
1241,12.229589403892135
1242,12.3838726028313
1243,11.931699196743121
1244,12.864224990028712
1245,12.022879350726804
1246,12.102087368639735
1247,12.170152467320015
1248,11.889746407377672
1249,11.97582348182828
1250,11.731381707468199
1251,12.431105501341703
1252,12.174698024937502
1253,11.716313915561527
1254,12.413264334495501
1255,12.119382593319276
1256,11.76442305929293
1257,12.645186325974358
1258,11.46346007309167
1259,12.054047780385005
1260,11.891941278835866
1261,12.114327374027699
1262,11.799752869342326
1263,11.908924185064306
1264,11.98578627096306
1265,12.132300525778861
1266,12.025274708100577
1267,11.993794832962422
1268,12.791208998186228
1269,12.711715351501638
1270,11.866150482847345
1271,12.247474968684019
1272,12.069130040095555
1273,11.778857888302937
1274,11.930985482215817
1275,11.715157238422105
1276,11.83234325064402
1277,11.96553307337419
1278,12.155163526678184
1279,12.414765694238412
1280,11.542440859138596
1281,12.291768898559724
1282,12.12044154615425
1283,11.862504795547089
1284,11.89512663112836
1285,12.037534405563335
1286,11.730593145245429
1287,11.9877172887574
1288,12.039273052826173
1289,12.45457687016056
1290,12.501662845431664
1291,11.944384887771351
1292,11.622400916181903
1293,11.853068890525755
1294,12.078125099562463
1295,11.698006691312324
1296,11.841918514839394
1297,11.89515432226265
1298,11.87318264403714
1300,11.909345141060198
1301,12.32635298013781
1302,11.933665323161035
1303,12.640083702767406
1304,12.35826217105695
1305,11.956103394242898
1306,12.633184489024831
1307,12.186226134373953
1308,11.879824483534852
1309,11.798923630644332
1310,12.086201529020013
1311,12.533929171495073
1312,12.204696271358788
1313,12.658648959787515
1314,12.7092772223226
1315,11.672798353663246
1316,12.139722810854106
1317,12.534224820542693
1318,12.187530367045634
1319,12.438321485767677
1320,11.685763726406336
1321,11.963885330674747
1322,11.305560201851304
1323,12.267896086784852
1324,11.301671365142868
1325,12.604096215465109
1326,11.281027433844546
1327,11.35627269871179
1328,11.745107549008406
1329,12.122408744492043
1330,12.111135630538
1331,12.439766447911985
1332,11.815400121589597
1333,11.641401097263321
1334,11.718070269643452
1335,11.779064217389779
1336,12.030362075271835
1337,11.87762254227374
1338,11.192705941006421
1339,12.2885855295185
1340,11.71896001418521
1341,11.608601175583086
1342,11.95504297002805
1343,12.468301524809096
1344,11.994554377989655
1345,12.077340364415202
1346,11.485562941930931
1347,12.436149348422823
1348,12.55599910807556
1349,12.35339600444395
1350,12.062886965413778
1351,12.009753372722438
1352,12.013267776417763
1353,11.714984387765682
1354,12.799324140356207
1355,12.348740406061536
1356,12.11174806040403
1357,11.63578355666038
1358,11.925633262963277
1359,12.056449832568715
1360,12.844260922096215
1361,12.033118433225395
1362,12.385767025583553
1363,11.813691000088756
1364,12.006110106116813
1365,11.91922957315498
1366,12.209560157846509
1367,12.282885593367608
1368,11.858119459757372
1369,11.849025953811827
1370,12.422135260414588
1371,11.735647307948362
1372,12.009974298748197
1373,12.342019676662835
1374,12.933272061580036
1375,12.414846287819167
1376,12.402447310898452
1377,11.405732164073711
1378,11.917727526953412
1379,11.501959805842507
1380,11.909243593791425
1381,11.324130799626152
1382,12.225028126105343
1383,11.96311437920036
1384,11.896458619256416
1385,11.622784112611914
1386,11.606779636441978
1387,12.469019648104576
1388,11.987163155447112
1389,12.696513975812358
1390,11.739536320326906
1391,12.351836120723409
1392,11.849889111729551
1393,11.769590975144666
1394,11.874978753986996
1395,12.272835122583658
1396,12.596912045604327
1397,11.99304282935089
1398,11.778567656617744
1399,11.925813005487818
1400,11.884998465928415
1401,11.639679076532287
1402,12.114362886014504
1403,12.161067196764037
1404,12.38859973273431
1405,11.508431627426319
1406,12.555984117919218
1407,11.770725621650026
1408,11.687861563172545
1409,11.616523929035774
1410,12.221828137051002
1411,12.307684993361026
1412,11.909436731392745
1413,11.463055492222477
1414,12.582158868439079
1415,12.072424826449234
1416,12.2682286373715
1417,11.726265862358826
1418,12.649861058222802
1419,11.835067112196919
1420,12.250505243653837
1421,11.974979365027316
1422,11.839746277776138
1423,11.863837127555243
1424,12.129554069962108
1425,11.894132166564374
1426,11.944499380416813
1427,12.4315236591094
1428,11.888445093678376
1429,11.605565189554698
1430,12.162513209125233
1431,12.12900570039332
1432,11.793470258257496
1433,11.536138359452888
1434,12.141641318248613
1435,11.964942641268014
1436,12.071938422716379
1437,11.680696738867441
1438,12.766392378907069
1439,11.847651491607595
1440,12.064670651968308
1441,12.176517681439503
1442,11.87125477128375
1443,12.619852181198226
1444,11.502672095881731
1445,12.199587075650463
1446,11.740173579678181
1447,11.88675901981772
1448,12.473200839013982
1449,11.577054225659667
1450,11.362797777556287
1451,11.867661840157085
1452,12.449738167340762
1453,11.830056828037813
1454,11.83355670599075
1455,12.105645611661519
1456,12.08621510379712
1457,12.237163261189627
1458,12.376097471898024
1459,11.800466141212965
1460,11.94035968568893
